{"type": "FeatureCollection", "crs": {"type": "name", "properties": {"name": "urn:ogc:def:crs:OGC:1.3:CRS84"}}, "features": [{"type": "Feature", "geometry": {"type": "MultiPolygon", "coordinates": [[[[-89.0909355635455, 42.24721071930187], [-89.09092350596362, 42.24658463120987], [-89.0910301308508, 42.246520476928616], [-89.09114910194405, 42.24646970102497], [-89.09127740680536, 42.2464335891737], [-89.09248157686575, 42.246424485222356], [-89.092493919115, 42.247255650242366], [-89.09249972737128, 42.247646908554955], [-89.09157648242432, 42.24765388881312], [-89.09157385517315, 42.24737198148497], [-89.0912692774349, 42.24737354737281], [-89.09126851195396, 42.24729127788421], [-89.09119469289725, 42.24729165930681], [-89.09119392982002, 42.247209389839306], [-89.0909355635455, 42.24721071930187]]]]}, "properties": {"pin": "11-35-153-006", "house_number": "501", "street_prefix": null, "street_name": "18TH", "street_suffix": "AVE", "street_postdir": null, "city": "ROCKFORD", "owner_name": "ROCKFORD WEST HOLDING CO LLC", "owner_address": "1480 CARLISLE ST", "owner_city": "ALGONQUIN", "owner_state": "IL", "owner_zip": "60102", "address": "501 18th Avenue", "building_name": "Strong  Machinery Corp.", "quadrant": "Southeast", "original_owner": "Roper Industries", "current_owner": "Machinery Center LLC", "current_tenants": "Machines Center LLC", "original_industry": "Roper Foundry", "later_industries": "Machinery", "building_sqft": "93,088", "year_built": "1919", "year_built_additions": null, "architect": null, "contractor": null, "historic_status": null, "historic_criteria": "A&C", "resource_status": "Contributing", "land_sqft": "162,106", "stories": "2", "style": "Industrial Daylighting", "structural_system": "Steel Frame , Linear skylights", "notes": null, "tif_district": null, "oz": "Y", "rerz": "N", "tif": "N", "id": "501-18th-avenue"}}, {"type": "Feature", "geometry": {"type": "MultiPolygon", "coordinates": [[[[-89.10345216071373, 42.269043788868785], [-89.10344162158519, 42.2690289551993], [-89.10350949336863, 42.26903770706028], [-89.10372646619156, 42.26906279647337], [-89.1039146241089, 42.26908108742324], [-89.1044016923984, 42.26975659389106], [-89.10452620667236, 42.26997000564502], [-89.10460203739818, 42.27019567108724], [-89.10452377613034, 42.27019607134844], [-89.10442866579228, 42.270196535017206], [-89.10439315612956, 42.270196727475096], [-89.10438905468689, 42.27019674436524], [-89.10423138696132, 42.27019753393378], [-89.1039855805614, 42.270198777437066], [-89.1040372000194, 42.26999893802312], [-89.10400678154924, 42.26998336451321], [-89.10416288237815, 42.26981529940784], [-89.10416121488417, 42.2698146270831], [-89.10409795830901, 42.26978910030939], [-89.10395062225051, 42.269692886045824], [-89.10388082109907, 42.26964801072866], [-89.10384800859029, 42.26962691644682], [-89.10384410434312, 42.269624407119146], [-89.10393590250158, 42.26950723986533], [-89.10393949751837, 42.269502589300735], [-89.10400963921337, 42.269411851318175], [-89.10371787333119, 42.269268553724395], [-89.1036146642216, 42.26920366379835], [-89.1035254450071, 42.2691281937355], [-89.10345216071373, 42.269043788868785]]]]}, "properties": {"pin": "11-22-453-018", "house_number": "818", "street_prefix": null, "street_name": "CEDAR", "street_suffix": "ST", "street_postdir": null, "city": "ROCKFORD", "owner_name": "CITY OF ROCKFORD", "owner_address": "425 E STATE ST", "owner_city": "ROCKFORD", "owner_state": "IL", "owner_zip": "61104", "address": "802 Cedar Street", "building_name": "M.C. Products", "quadrant": "Southwest", "original_owner": "Pierson Co.", "current_owner": "M.C. Products", "current_tenants": "M.C. Products", "original_industry": "Radio Cabinets", "later_industries": "lab & Office", "building_sqft": "15,200", "year_built": "c 1920's", "year_built_additions": null, "architect": null, "contractor": null, "historic_status": null, "historic_criteria": "A", "resource_status": "Contributing", "land_sqft": null, "stories": "2", "style": "Mill", "structural_system": "Heavy timber/wood frame", "notes": null, "tif_district": "West State and Kilburn", "oz": "Y", "rerz": "Y", "tif": "N", "id": "802-cedar-street"}}, {"type": "Feature", "geometry": {"type": "MultiPolygon", "coordinates": [[[[-89.10561022999758, 42.2746268315939], [-89.10555929340737, 42.27460597144385], [-89.10531932658493, 42.274507706421815], [-89.10507499364002, 42.27440764423955], [-89.10500225861063, 42.274377883172086], [-89.10506684471343, 42.27399496233671], [-89.10513450779901, 42.27399446360959], [-89.1053799917017, 42.27399281164514], [-89.10562462635366, 42.273991123856085], [-89.10587295584985, 42.27398944228245], [-89.1061110495924, 42.27398780271441], [-89.10619522980349, 42.27398726402638], [-89.10619550828861, 42.27415136521864], [-89.1060950400334, 42.27414928355718], [-89.10585576308486, 42.274144326247956], [-89.10581350748393, 42.2741434414118], [-89.10579808336459, 42.27430081143728], [-89.10578141303029, 42.274470792896935], [-89.10581928873144, 42.27447287208334], [-89.10606163889335, 42.27448633723684], [-89.10619612203702, 42.27449381011725], [-89.10619641476079, 42.27465706074874], [-89.10604549383851, 42.27464927119101], [-89.10580113334163, 42.274636665524525], [-89.10561022999758, 42.2746268315939]]]]}, "properties": {"pin": "11-22-254-012", "house_number": "1034", "street_prefix": null, "street_name": "ELM", "street_suffix": "ST", "street_postdir": null, "city": "ROCKFORD", "owner_name": "ELM STORAGE LLC", "owner_address": "8550 S HARLEM AVE STE G", "owner_city": "BRIDGEVIEW", "owner_state": "IL", "owner_zip": "60455", "address": "1034 Elm Street", "building_name": "Rockford Showcase Building", "quadrant": "Southwest", "original_owner": "Rockford Showcase& Mirror Co.", "current_owner": "Michael Montrief", "current_tenants": null, "original_industry": "Planing Mill, showcase fixtures", "later_industries": null, "building_sqft": "66,273", "year_built": "1926", "year_built_additions": null, "architect": "Peterson & Johnson", "contractor": "Nelson & Gustafson", "historic_status": null, "historic_criteria": "A&C", "resource_status": "Contributing", "land_sqft": "53,827", "stories": "3", "style": "Mill", "structural_system": "Heavy Timber, wood framing", "notes": null, "tif_district": "West State and Kilburn", "oz": "Y", "rerz": "Y", "tif": "Y", "id": "1034-elm-street"}}, {"type": "Feature", "geometry": {"type": "MultiPolygon", "coordinates": [[[[-89.09840444530442, 42.26376961880361], [-89.0987035146928, 42.263374999650416], [-89.09873045551267, 42.26333943966067], [-89.09874341888143, 42.26334622861114], [-89.09877611371182, 42.26337468782506], [-89.09880171655254, 42.26340308099116], [-89.09883922881946, 42.263426288877774], [-89.09887680768497, 42.263447741130044], [-89.09895206940546, 42.263480109113026], [-89.09898970760217, 42.26349804939638], [-89.09902421187222, 42.26351124059058], [-89.09901816388339, 42.263519361787296], [-89.09873319035513, 42.263904096952885], [-89.09857178947173, 42.26383807936899], [-89.09840444530442, 42.26376961880361]]]]}, "properties": {"pin": "11-27-232-007", "house_number": "212", "street_prefix": null, "street_name": "MILL", "street_suffix": "ST", "street_postdir": null, "city": "ROCKFORD", "owner_name": "ROCKFORD FOUNDRIES INC", "owner_address": "212 MILL ST", "owner_city": "ROCKFORD", "owner_state": "IL", "owner_zip": "61101", "address": "212 Mill Street (110)", "building_name": "Rockford Foundry", "quadrant": "Water Power District", "original_owner": "Rockford Foundry", "current_owner": "Rockford Foundry", "current_tenants": "Rockford Foundry", "original_industry": "Foundry", "later_industries": null, "building_sqft": "17,264", "year_built": "1923", "year_built_additions": null, "architect": null, "contractor": null, "historic_status": null, "historic_criteria": "A&C", "resource_status": "Contributing", "land_sqft": "16,907", "stories": "2", "style": "iIndustrial", "structural_system": "Steel frame & Concrete", "notes": null, "tif_district": "South Rockford", "oz": "N", "rerz": "Y", "tif": "N", "id": "212-mill-street-110"}}, {"type": "Feature", "geometry": {"type": "MultiPolygon", "coordinates": [[[[-89.08131766004409, 42.24044184382536], [-89.0823700329962, 42.24043442774903], [-89.08353802930819, 42.24042617656902], [-89.08353797962177, 42.24042233430708], [-89.08353795928728, 42.24042068934753], [-89.08403691118092, 42.24041716287851], [-89.08403675763924, 42.240430058876235], [-89.08402994451409, 42.24102080737546], [-89.08131073150194, 42.24104000018792], [-89.08131766004409, 42.24044184382536]]]]}, "properties": {"pin": "11-35-451-004", "house_number": "923", "street_prefix": null, "street_name": "23RD", "street_suffix": "AVE", "street_postdir": null, "city": "ROCKFORD", "owner_name": "J L CLARK INC", "owner_address": "923 23RD AVENUE", "owner_city": "ROCKFORD", "owner_state": "IL", "owner_zip": "61104", "address": "923 23rd Avenue", "building_name": "J.L. Clark", "quadrant": "Southeast", "original_owner": "J.L. Clark", "current_owner": "J L  Clark Inc", "current_tenants": "J.L.Clark", "original_industry": "Flue stoppers/tin boxes", "later_industries": null, "building_sqft": "123,632", "year_built": "1904", "year_built_additions": "1936, 1940", "architect": null, "contractor": "Security Building", "historic_status": null, "historic_criteria": "A&C", "resource_status": "Contributing", "land_sqft": "167,675", "stories": "5", "style": "Industrial Sawtooth", "structural_system": "Steel truss/sawtooth; tower concrete frame, brick Mas.", "notes": null, "tif_district": "Kishwaukee/Harrison #1", "oz": "N", "rerz": "N", "tif": "Y", "id": "923-23rd-avenue"}}, {"type": "Feature", "geometry": {"type": "MultiPolygon", "coordinates": [[[[-89.0737457274002, 42.25681862661975], [-89.07374610340777, 42.25672840323488], [-89.07374683982273, 42.256544581033296], [-89.07374740912016, 42.2564003824617], [-89.07406308780243, 42.256543999643036], [-89.0744654856342, 42.25672707922159], [-89.07449139821638, 42.256738878788575], [-89.07450063488822, 42.25674305550675], [-89.07450020966527, 42.25672702574212], [-89.07452397871256, 42.256751729736784], [-89.07456677843206, 42.256771757846316], [-89.07479602343449, 42.25687890363765], [-89.07510496939221, 42.257023359409246], [-89.07516345450465, 42.257050643886245], [-89.075162816799, 42.25718614291522], [-89.07516181018407, 42.25740300185647], [-89.07487054372672, 42.25728283545256], [-89.07466044921559, 42.25719609639998], [-89.07446509890838, 42.257115507026754], [-89.07427081354732, 42.25703531164282], [-89.07410095590153, 42.25696522751901], [-89.07393109910934, 42.256895115710336], [-89.0737457274002, 42.25681862661975]]]]}, "properties": {"pin": "11-25-310-007", "house_number": "1439", "street_prefix": null, "street_name": "RAILROAD", "street_suffix": "AVE", "street_postdir": null, "city": "ROCKFORD", "owner_name": "BENSON REALTY, LLC", "owner_address": "1100 ELEVENTH ST", "owner_city": "ROCKFORD", "owner_state": "IL", "owner_zip": "61104", "address": "1439 Railroad Avenue", "building_name": "Ekstrom-Carlson & Company", "quadrant": "Southeast", "original_owner": "Ekstrom-Carlson & Company", "current_owner": "Benson Stone", "current_tenants": null, "original_industry": "Rockford Chair & Furniture", "later_industries": null, "building_sqft": "54,469", "year_built": "1909", "year_built_additions": "1942", "architect": null, "contractor": null, "historic_status": null, "historic_criteria": "A&C", "resource_status": "Contributing", "land_sqft": "51,374", "stories": "1", "style": "Industrial", "structural_system": "Steel framed and masonry bearing", "notes": null, "tif_district": "Midtown", "oz": "N", "rerz": "N", "tif": "Y", "id": "1439-railroad-avenue"}}, {"type": "Feature", "geometry": {"type": "MultiPolygon", "coordinates": [[[[-89.10975393956066, 42.271573566122655], [-89.10987063888496, 42.27033627252939], [-89.10988796894573, 42.270152603222435], [-89.11056032540348, 42.27014444538794], [-89.11059716324186, 42.26959771560508], [-89.11091401067364, 42.26969574444697], [-89.1116158224914, 42.26990609196062], [-89.11275138062051, 42.26998458797818], [-89.11307601585608, 42.26997028299938], [-89.1130782711218, 42.26997019395437], [-89.1129051341077, 42.271738043093286], [-89.10975393956066, 42.271573566122655]]]]}, "properties": {"pin": "11-22-307-002", "house_number": "1310", "street_prefix": null, "street_name": "PRESTON", "street_suffix": "ST", "street_postdir": null, "city": "ROCKFORD", "owner_name": "BC ASSET GROUP LLC", "owner_address": "2508 COLLINAS PT", "owner_city": "CHINO HILLS", "owner_state": "CA", "owner_zip": "91709", "address": "1310 Preston Street", "building_name": "Twin Disc/Ello", "quadrant": "Southwest", "original_owner": "Emerson-Brantingham Company", "current_owner": "Rockford Industrial Distribution Center,  INC C/O Jin Zheng", "current_tenants": "Storage", "original_industry": "Farm implements", "later_industries": null, "building_sqft": "217,564", "year_built": "1925", "year_built_additions": "1928", "architect": null, "contractor": null, "historic_status": null, "historic_criteria": "A&C", "resource_status": "Contributing", "land_sqft": "540,179", "stories": "2", "style": "Prairie & Sawtooth", "structural_system": "Heavy Timber, wood framing", "notes": null, "tif_district": "Preston and Central", "oz": "Y", "rerz": "N", "tif": "Y", "id": "1310-preston-street"}}, {"type": "Feature", "geometry": {"type": "MultiPolygon", "coordinates": [[[[-89.06738527807863, 42.24693812693044], [-89.06744744629962, 42.24693762515668], [-89.06777978593757, 42.24693493759989], [-89.06803629032366, 42.24693283982139], [-89.0680305081239, 42.247798119345155], [-89.06798435177991, 42.247835765739175], [-89.0673792457372, 42.24784069676892], [-89.06738527807863, 42.24693812693044]]]]}, "properties": {"pin": "11-36-181-008", "house_number": "1827", "street_prefix": null, "street_name": "18TH", "street_suffix": "AVE", "street_postdir": null, "city": "ROCKFORD", "owner_name": "VIKING REALTY CO", "owner_address": "2701 S 6TH ST", "owner_city": "ROCKFORD", "owner_state": "IL", "owner_zip": "611091171", "address": "1827 18th Ave.", "building_name": "Viking Chemical", "quadrant": "Southeast", "original_owner": "Free Sewing Machine Co.", "current_owner": "Viking Chemical", "current_tenants": "Viking Chemical", "original_industry": "Sewing Machine Manuf.", "later_industries": null, "building_sqft": "126,034", "year_built": null, "year_built_additions": null, "architect": null, "contractor": null, "historic_status": null, "historic_criteria": "A", "resource_status": "Contributing", "land_sqft": "57,895", "stories": "4", "style": "Mill", "structural_system": "Heavy Timber wood framing Masonry exterior, ext. stucco", "notes": null, "tif_district": null, "oz": "N", "rerz": "N", "tif": "N", "id": "1827-18th-ave"}}, {"type": "Feature", "geometry": {"type": "MultiPolygon", "coordinates": [[[[-89.0870771551298, 42.240412142705026], [-89.08795086894129, 42.24040541691187], [-89.08798082089632, 42.24041181805369], [-89.08814243522033, 42.24045420863389], [-89.0882975499439, 42.24050837168655], [-89.08829644557704, 42.24065346102908], [-89.08829546228012, 42.24078276585319], [-89.08805172796193, 42.24078464493141], [-89.08805068358582, 42.24092184200149], [-89.08804963966637, 42.24105901163126], [-89.0880485952689, 42.241196208694724], [-89.08804755086072, 42.24133340575491], [-89.08756750170072, 42.241337122374965], [-89.08751582923698, 42.241337514299516], [-89.08746779711736, 42.24133788385828], [-89.08720403168819, 42.24130678876905], [-89.08714010956254, 42.24128336959957], [-89.08710541841742, 42.241245571856474], [-89.08708986382005, 42.24120359963698], [-89.08708008394484, 42.241177213593225], [-89.08705683716236, 42.24106668900508], [-89.08705593824048, 42.241062418554286], [-89.0870560857711, 42.240929485337944], [-89.08705623668445, 42.24079229187651], [-89.08705638715243, 42.24065512413402], [-89.08705651917629, 42.24053528373053], [-89.08705719248833, 42.240533021009696], [-89.0870768373263, 42.240467067064685], [-89.0870771551298, 42.240412142705026]]]]}, "properties": {"pin": "11-35-377-004", "house_number": "2415", "street_prefix": null, "street_name": "KISHWAUKEE", "street_suffix": "ST", "street_postdir": null, "city": "ROCKFORD", "owner_name": "PREM RELIANCE INC", "owner_address": "115 N NORTHWST HWY UNIT A", "owner_city": "BARRINGTON", "owner_state": "IL", "owner_zip": "60010", "address": "2415 Kishwaukee Street", "building_name": "Spengler-Loomis Manufacturing, Boral", "quadrant": "Southeast", "original_owner": "Spengler-Loomis Manufacturing", "current_owner": "Prem Reliance Inc", "current_tenants": "Plastic Injection", "original_industry": "Automatic pencil sharpeners", "later_industries": null, "building_sqft": "87,709", "year_built": "1914", "year_built_additions": "1920", "architect": null, "contractor": null, "historic_status": null, "historic_criteria": "A&C", "resource_status": "Contributing", "land_sqft": "96,600", "stories": "2", "style": "Industrial Daylighting", "structural_system": "Heavy Timber, wood framed, Brick , multiple bldg.", "notes": null, "tif_district": null, "oz": "Y", "rerz": "N", "tif": "Y", "id": "2415-kishwaukee-street"}}, {"type": "Feature", "geometry": {"type": "MultiPolygon", "coordinates": [[[[-89.07715528658973, 42.247363371182495], [-89.07885114430597, 42.247350738252784], [-89.07909490235818, 42.24734896133665], [-89.07909502529265, 42.24731600545251], [-89.07885126689594, 42.247317809807264], [-89.07715559470171, 42.247330444503135], [-89.07715592339156, 42.247292029751264], [-89.0771591346629, 42.24694232038293], [-89.0773472628419, 42.246940896805796], [-89.07753539101891, 42.24693947291991], [-89.07772355612164, 42.24693804907596], [-89.07791172075052, 42.24693665236001], [-89.07791223855047, 42.24685285141884], [-89.07791284693909, 42.2467637825988], [-89.07810086334167, 42.24676238416414], [-89.07810141209961, 42.24667032366884], [-89.07810370822125, 42.24626827489638], [-89.07829139033647, 42.24626690041454], [-89.0784790738647, 42.24626544331482], [-89.07866679290358, 42.24626406856878], [-89.07885451335498, 42.24626261120473], [-89.07885457495958, 42.24623108168328], [-89.07885475488963, 42.24619266550629], [-89.07885607378672, 42.245759077299134], [-89.07890002971888, 42.24575875330265], [-89.07889609034167, 42.247028454397764], [-89.07907908394701, 42.2470270890441], [-89.07909589081142, 42.247026974012975], [-89.07928789715577, 42.24702555658758], [-89.07934267758577, 42.24702511552361], [-89.0793432721263, 42.24684211484685], [-89.07936787304267, 42.246841936463575], [-89.07936822225315, 42.246746334134514], [-89.07976224393386, 42.246743400815376], [-89.07976229481237, 42.246729680625634], [-89.08013869720529, 42.24672685344184], [-89.08013864640837, 42.2467405736327], [-89.0806722590964, 42.24673654474628], [-89.0806719118555, 42.24683214710216], [-89.08082428290035, 42.2468310103678], [-89.08082316053587, 42.247264682731604], [-89.08082305563958, 42.2473030996176], [-89.0808219705897, 42.24773674485877], [-89.08062992466975, 42.24773819191526], [-89.0804378792185, 42.24773961121315], [-89.08024587022273, 42.247741057976036], [-89.08005382476759, 42.24774247663057], [-89.07986181623879, 42.247743895313334], [-89.07966977077986, 42.247745313324494], [-89.07947772531904, 42.247746731013926], [-89.07928571631332, 42.247748176168656], [-89.07909367084865, 42.24774959321475], [-89.0788499107821, 42.247751397547205], [-89.07715164199718, 42.247764007530485], [-89.07715528658973, 42.247363371182495]]]]}, "properties": {"pin": "11-35-280-010", "house_number": "1922", "street_prefix": null, "street_name": "7TH", "street_suffix": "ST", "street_postdir": null, "city": "ROCKFORD", "owner_name": "AMCORE", "owner_address": "501 7TH STREET", "owner_city": "ROCKFORD", "owner_state": "IL", "owner_zip": "61104", "address": "1221 18th Avenue (incorporated into 1922 7th St)", "building_name": "National Lock/Union Furniture", "quadrant": "Southeast", "original_owner": "Union Furniture Company", "current_owner": "Chicago Title Land Trust", "current_tenants": null, "original_industry": "Furniture mfg", "later_industries": "National Lock", "building_sqft": null, "year_built": "1876", "year_built_additions": "1928, east half tornado destroyed", "architect": null, "contractor": null, "historic_status": "Undetermined", "historic_criteria": "A&C", "resource_status": "Contributing", "land_sqft": null, "stories": "3", "style": "Mill/  Daylighting", "structural_system": "Heavy timber/wood frame", "notes": null, "tif_district": null, "oz": "N", "rerz": "N", "tif": "N", "id": "1221-18th-avenue-incorporated-into-1922-7th-st"}}, {"type": "Feature", "geometry": {"type": "MultiPolygon", "coordinates": [[[[-89.07540513776294, 42.25750342013591], [-89.07540625210653, 42.25726312735692], [-89.07540708416344, 42.257082050190654], [-89.07540799054486, 42.256900946284794], [-89.0754087856369, 42.2567198687557], [-89.07588918072915, 42.2569000632521], [-89.07598681495132, 42.2568998941934], [-89.07598572603108, 42.25708096892994], [-89.07598471048838, 42.257262071800056], [-89.07604056517485, 42.25726197184505], [-89.07605899889268, 42.2572619276189], [-89.07605982908181, 42.2570808504263], [-89.07606035880745, 42.25696436717535], [-89.07636943038142, 42.25708028179431], [-89.07683603132696, 42.257255264540056], [-89.07683601542412, 42.257260478234514], [-89.07683539480712, 42.257365160866826], [-89.07683476693632, 42.257465974206234], [-89.07683415370708, 42.25756593700302], [-89.07683358519793, 42.257659012459165], [-89.07683302416379, 42.257749508503565], [-89.07683246265283, 42.25784003198335], [-89.07683213437869, 42.25789985087527], [-89.07668196342519, 42.257840330466784], [-89.07656510674911, 42.25779402394132], [-89.07659199378709, 42.2578222147458], [-89.07649993802788, 42.257955225745384], [-89.07638025335771, 42.25790581872473], [-89.07626053194217, 42.25785641122975], [-89.07614084717665, 42.2578070313995], [-89.07602112613853, 42.25775762365805], [-89.0758952798719, 42.257705687816554], [-89.07576939687989, 42.257653751487524], [-89.07565294084371, 42.25760569160147], [-89.0755364485253, 42.25755760381061], [-89.07540513776294, 42.25750342013591]]]]}, "properties": {"pin": "11-25-309-012", "house_number": "1323", "street_prefix": null, "street_name": "RAILROAD", "street_suffix": "AVE", "street_postdir": null, "city": "ROCKFORD", "owner_name": "BENSON REALTY, LLC", "owner_address": "1100 ELEVENTH ST", "owner_city": "ROCKFORD", "owner_state": "IL", "owner_zip": "61104", "address": "1323 Railroad Avenue", "building_name": "Rockford Chair & Furniture Co.", "quadrant": "Southeast", "original_owner": "Rockford Chair and Furniture Company", "current_owner": "Benson Stone", "current_tenants": null, "original_industry": null, "later_industries": null, "building_sqft": "89,132", "year_built": "1920, 1927 add.", "year_built_additions": "orig.1906 demo'd, fire", "architect": null, "contractor": "Security Bldg. add.", "historic_status": "Undetermined", "historic_criteria": "A&C", "resource_status": "Contributing", "land_sqft": "106,852", "stories": "4", "style": "Mill", "structural_system": "heavy timber wood  framed brick veneer", "notes": null, "tif_district": "Midtown", "oz": "N", "rerz": "N", "tif": "Y", "id": "1323-railroad-avenue"}}, {"type": "Feature", "geometry": {"type": "MultiPolygon", "coordinates": [[[[-89.07907908394701, 42.2470270890441], [-89.07908302012483, 42.2457573604632], [-89.07909982712339, 42.24575721799068], [-89.07929175623318, 42.245755772376874], [-89.07948364841383, 42.24575432609169], [-89.07967557799054, 42.2457528523984], [-89.07986750709404, 42.24575140582068], [-89.0800593992684, 42.24574995857174], [-89.0802513288386, 42.24574848391455], [-89.08044322100875, 42.24574703602315], [-89.0806351501039, 42.24574558816026], [-89.08082707966751, 42.24574411253915], [-89.08082592056947, 42.24617778463479], [-89.08082585261778, 42.24621620187763], [-89.08082473036282, 42.24664987428751], [-89.08082428290035, 42.2468310103678], [-89.0806719118555, 42.24683214710216], [-89.0806722590964, 42.24673654474628], [-89.08013864640837, 42.2467405736327], [-89.08013869720529, 42.24672685344184], [-89.07976229481237, 42.246729680625634], [-89.07976224393386, 42.246743400815376], [-89.07936822225315, 42.246746334134514], [-89.07936787304267, 42.246841936463575], [-89.0793432721263, 42.24684211484685], [-89.07934267758577, 42.24702511552361], [-89.07928789715577, 42.24702555658758], [-89.07909589081142, 42.247026974012975], [-89.07907908394701, 42.2470270890441]]]]}, "properties": {"pin": "11-35-280-002", "house_number": "2020", "street_prefix": null, "street_name": "7TH", "street_suffix": "ST", "street_postdir": null, "city": "ROCKFORD", "owner_name": "HESPERATHUSA PROPERTIES LLC", "owner_address": "545 BLACKHAWK PARK AVE", "owner_city": "ROCKFORD", "owner_state": "IL", "owner_zip": "61104", "address": "2020 7th Street", "building_name": "Rockford Process Control", "quadrant": "Southeast", "original_owner": "National Lock", "current_owner": "RPC Real Estate LLC, Attn Patrick T Derry", "current_tenants": "Rockford Process Control", "original_industry": null, "later_industries": null, "building_sqft": "169,768", "year_built": "1925", "year_built_additions": null, "architect": null, "contractor": null, "historic_status": "Undetermined", "historic_criteria": "A", "resource_status": "Contributing", "land_sqft": "177,351", "stories": "2", "style": "Industrial Daylighting", "structural_system": "Steel Frame/ Conc., clearstory, curtain wall", "notes": null, "tif_district": null, "oz": "N", "rerz": "N", "tif": "N", "id": "2020-7th-street"}}, {"type": "Feature", "geometry": {"type": "MultiPolygon", "coordinates": [[[[-89.11605632708702, 42.270584429657525], [-89.11605197880341, 42.27057914682422], [-89.11605028796593, 42.27057709038956], [-89.1160476328579, 42.27057386229711], [-89.11604560471986, 42.27057139801352], [-89.11604545757653, 42.27057122001233], [-89.1160442231923, 42.27056976632199], [-89.11604408728007, 42.27056960728956], [-89.1160387827409, 42.27056336554118], [-89.11603804212194, 42.270562492640984], [-89.11603633660614, 42.27056048580893], [-89.11603433440965, 42.270558128097726], [-89.11603416668588, 42.270557937902424], [-89.11603180749319, 42.270555245910245], [-89.11602978597159, 42.270552939474264], [-89.11602548909133, 42.27054803785844], [-89.11602330663071, 42.27054554986458], [-89.11602296217569, 42.27054515567076], [-89.11602281252425, 42.2705449896521], [-89.11602063562334, 42.27054258403293], [-89.11601908916833, 42.27054087193641], [-89.11601598708002, 42.27053744422906], [-89.11601262876037, 42.27053373290112], [-89.11601133850895, 42.27053230613985], [-89.11600658985961, 42.27052721515572], [-89.1160060612058, 42.270526649481404], [-89.11600184121104, 42.27052212417143], [-89.11599946802724, 42.27051957954718], [-89.11599732964022, 42.27051735779387], [-89.1159970436212, 42.270517060179785], [-89.11599273740195, 42.27051258210168], [-89.1159873529256, 42.270506982773156], [-89.11598591983854, 42.27050553583703], [-89.11598240856894, 42.270501996329834], [-89.1159791153911, 42.27049867320562], [-89.11597743245851, 42.270496975293796], [-89.11597518401621, 42.27049470622461], [-89.11597499551296, 42.270494515838806], [-89.11597477280387, 42.27049429941344], [-89.11597459786901, 42.27049412630274], [-89.11597247553368, 42.27049205047778], [-89.11597219607123, 42.27049177521971], [-89.11596743797001, 42.270487114632196], [-89.11596519979105, 42.2704849228354], [-89.1159644113161, 42.270484150685945], [-89.11596392730236, 42.27048367803471], [-89.11596240035016, 42.27048218221607], [-89.11596199569432, 42.270481797760944], [-89.115959510949, 42.27047943562718], [-89.11595812424176, 42.270478116031505], [-89.11595213632836, 42.27047242198832], [-89.11595099510572, 42.270471337892545], [-89.11594956743731, 42.270469981904796], [-89.11594695650257, 42.27046757059235], [-89.11594582842126, 42.27046652949391], [-89.11594376101817, 42.27046462224943], [-89.11593835261381, 42.270459629837326], [-89.1159367605587, 42.27045816086309], [-89.11593650127823, 42.27045792180654], [-89.11593599614325, 42.2704574695426], [-89.1159331679462, 42.2704549310384], [-89.11593118383578, 42.2704531531878], [-89.11592911555057, 42.27045129910245], [-89.1159283464606, 42.27045061116921], [-89.11592602334201, 42.270448528358436], [-89.11592586408528, 42.27044838454769], [-89.11592565246512, 42.27044819566508], [-89.1159234726977, 42.27044624108357], [-89.11592320421033, 42.27044600022754], [-89.11592170186168, 42.270444691577374], [-89.11592149243648, 42.27044450957521], [-89.11591508691068, 42.27043893347426], [-89.1159141855017, 42.270438148284114], [-89.11590967614822, 42.27043422231215], [-89.11590662011578, 42.27043163712764], [-89.1159041743437, 42.27042957034336], [-89.11589898002158, 42.27042517502342], [-89.11589592399004, 42.270422589838624], [-89.11589573263716, 42.27042243201309], [-89.11589493530026, 42.27042177640734], [-89.11589312872171, 42.27042029346128], [-89.11589126521908, 42.27041876197143], [-89.11588753821414, 42.27041569899161], [-89.11588344897035, 42.27041233941396], [-89.11588194770736, 42.27041110452167], [-89.11587626843894, 42.27040657098096], [-89.115875639452, 42.27040606784461], [-89.11587249218009, 42.270403553856475], [-89.11587059148022, 42.270402037461146], [-89.1158684993707, 42.27040036666984], [-89.11586775186095, 42.27039976983315], [-89.11586699494485, 42.27039918320074], [-89.11586486786068, 42.27039753266983], [-89.1158630873093, 42.27039615115148], [-89.11585974506646, 42.2703935581979], [-89.11585373540375, 42.270388896427846], [-89.11585333873124, 42.270388587508954], [-89.11585171261963, 42.27038736176273], [-89.11584971021662, 42.27038585129542], [-89.11584748655972, 42.27038417586818], [-89.11584358665175, 42.270381234788275], [-89.11584164581943, 42.270379771192175], [-89.11583891358102, 42.27037771207198], [-89.11583871059862, 42.270377559285016], [-89.11583852808266, 42.27037742555148], [-89.11583824520147, 42.27037721714987], [-89.11583574242715, 42.270375384807615], [-89.11583541160103, 42.27037514338014], [-89.11583346096387, 42.27037371399564], [-89.11582980608489, 42.27037103585258], [-89.11582717102051, 42.270369104538396], [-89.1158238720523, 42.27036668691837], [-89.11581885573176, 42.270363114748776], [-89.11581396719849, 42.27035963464913], [-89.11581183561469, 42.2703581161371], [-89.11581049822976, 42.270357164018534], [-89.11580882534423, 42.270355973859715], [-89.11580853770307, 42.270355773989785], [-89.115805775282, 42.27035386380411], [-89.11580204717825, 42.27035128446373], [-89.11579357272628, 42.27034542355977], [-89.11495379615818, 42.26983315729633], [-89.11445023302421, 42.269525975723866], [-89.114391270121, 42.26949086041636], [-89.1143910004455, 42.26949069157914], [-89.11439064619887, 42.26949047051354], [-89.11438043940524, 42.26948409623587], [-89.1143425955324, 42.269459859634], [-89.11433616371994, 42.269455600384056], [-89.11433282677238, 42.26945338989703], [-89.11432869268604, 42.269450652425974], [-89.1143254362914, 42.26944845811364], [-89.11431489984219, 42.26944135704158], [-89.11431386783197, 42.269440651249035], [-89.11431255041275, 42.269439750748525], [-89.1143100183308, 42.26943801929357], [-89.11430843149338, 42.26943693452225], [-89.11430145172965, 42.26943216086346], [-89.1143011777793, 42.269431971405844], [-89.11429828096334, 42.26942995533057], [-89.1142956945828, 42.26942815648893], [-89.11429553251, 42.26942804352148], [-89.11429525858821, 42.26942785234904], [-89.11429468104362, 42.26942745086574], [-89.11429443907463, 42.26942728228254], [-89.11429157190308, 42.26942528877517], [-89.11429129339217, 42.26942509584552], [-89.11428810891624, 42.269422881611185], [-89.11428736260072, 42.269422353378246], [-89.11428034678512, 42.26941738729844], [-89.11428007745256, 42.26941719788316], [-89.11427682741915, 42.26941489900798], [-89.11427647365834, 42.26941464879011], [-89.11427487373933, 42.26941351759114], [-89.11424204563683, 42.26938954994556], [-89.11424067044386, 42.26938851342276], [-89.11424037622794, 42.26938829290761], [-89.1142280382871, 42.26937899199881], [-89.11422774187655, 42.26937876460317], [-89.11422630548681, 42.26937765891538], [-89.11422542309606, 42.269376981936425], [-89.1142242078385, 42.26937604807087], [-89.11422360817653, 42.26937558807153], [-89.11422262092054, 42.26937482952144], [-89.1142185601336, 42.26937171197147], [-89.1142183047685, 42.26937151582391], [-89.11421416417149, 42.26936833751357], [-89.11420898284732, 42.26936428353674], [-89.11420868424217, 42.26936404926057], [-89.11420656886588, 42.26936239366099], [-89.11420610157568, 42.269362027490686], [-89.11420546560034, 42.26936152942622], [-89.11420500740279, 42.26936117191477], [-89.1142044945066, 42.2693607710243], [-89.11420429848643, 42.26936061658327], [-89.11420042559877, 42.26935758651107], [-89.11419568081199, 42.269353804092376], [-89.11419547797951, 42.269353642728476], [-89.11419272956529, 42.26935145135933], [-89.11419007002583, 42.26934933112405], [-89.11418917897115, 42.26934861976371], [-89.11418895561602, 42.26934844277574], [-89.11418868212283, 42.26934822588079], [-89.11418760188899, 42.26934736528739], [-89.11418682020309, 42.26934674239982], [-89.11418651715164, 42.26934649779232], [-89.11418362576396, 42.26934415589889], [-89.11418020349498, 42.26934138379342], [-89.11417664908316, 42.26933850414012], [-89.11417371895968, 42.26933613101953], [-89.11417120185558, 42.26933405496802], [-89.11417090801103, 42.26933381216005], [-89.1141704182606, 42.2693334080517], [-89.11416385557129, 42.269327995057594], [-89.11416091248026, 42.26932556865017], [-89.11416074618977, 42.2693254316327], [-89.1141257970285, 42.26929557548525], [-89.11409870679341, 42.26927136375304], [-89.11409289824655, 42.26926600912907], [-89.11408795618102, 42.26926145482451], [-89.11408776061799, 42.2692612729462], [-89.11408757186727, 42.26926109799073], [-89.11408731713075, 42.269260864116895], [-89.11408452885348, 42.269258293346724], [-89.11408378542339, 42.26925759191595], [-89.114083398915, 42.269257228201674], [-89.11407405011619, 42.26924842121391], [-89.11407209485743, 42.26924658013785], [-89.11407159467699, 42.26924610904527], [-89.11407053745145, 42.26924511488576], [-89.11406942834992, 42.269244046501676], [-89.11406919653056, 42.26924382312862], [-89.11406898289648, 42.2692436170733], [-89.11406223277272, 42.269237118422744], [-89.11405903724086, 42.269234043110686], [-89.11405673492463, 42.26923182667657], [-89.1140565213477, 42.26923161719158], [-89.11405444934101, 42.26922957609439], [-89.11405417214424, 42.26922930428258], [-89.11405397219198, 42.26922910864329], [-89.1140450955689, 42.26922037459035], [-89.11404458210657, 42.26921986907413], [-89.11404384597479, 42.26921914541406], [-89.11404311893563, 42.26921843041283], [-89.11404120660715, 42.26921650740648], [-89.11403918300114, 42.26921447189853], [-89.1140339751841, 42.26920923598089], [-89.11403336424021, 42.26920862151982], [-89.11403079100184, 42.26920603385632], [-89.11402969404496, 42.26920492956665], [-89.1140269855304, 42.26920214514227], [-89.1140261319083, 42.26920126604649], [-89.11402590941016, 42.26920103761369], [-89.11402570053667, 42.26920082302658], [-89.11402012457312, 42.26919509150126], [-89.11401988166655, 42.26919484058507], [-89.11401646256141, 42.26919132415927], [-89.11399577584515, 42.269169465957575], [-89.11399539934352, 42.269169056027714], [-89.1139903756168, 42.269163581686804], [-89.11398230584598, 42.26915479157741], [-89.11382673666847, 42.268968186845484], [-89.11370761966917, 42.268767326672396], [-89.11362726949109, 42.26855611471174], [-89.11362568850141, 42.268550241482565], [-89.11362381380715, 42.2685432850563], [-89.11362375942687, 42.268543083892645], [-89.1136237050466, 42.26854288272897], [-89.1136208105809, 42.26853212832784], [-89.11362016041222, 42.2685297092407], [-89.11362009970502, 42.26852947200227], [-89.11362005854956, 42.26852930869181], [-89.11361853836395, 42.26852325079227], [-89.11361844089053, 42.26852286400431], [-89.11361692059104, 42.268516812964], [-89.11361685777486, 42.26851656370066], [-89.11361681012121, 42.268516374604324], [-89.11361674513896, 42.26851611674568], [-89.11361058071232, 42.268489560445914], [-89.11361045855918, 42.26848899163288], [-89.11360801216384, 42.26847753816323], [-89.11360739085349, 42.26847463397348], [-89.11360693239824, 42.268472350422904], [-89.1136055464307, 42.26846544307617], [-89.11360549532986, 42.268465183629914], [-89.11360439302571, 42.26845968525319], [-89.11360431673127, 42.268459274648585], [-89.11360404729204, 42.268457843513126], [-89.11360394762754, 42.26845731092326], [-89.11360387560815, 42.26845692093887], [-89.11360353851025, 42.26845511529479], [-89.11360301468017, 42.268452320050166], [-89.11360095153739, 42.26844128686394], [-89.1136008988985, 42.26844098109641], [-89.11360077900056, 42.26844027681279], [-89.11360053701011, 42.26843886136509], [-89.11360043811638, 42.26843828247515], [-89.11360035184798, 42.2684377774496], [-89.11360026766002, 42.26843728616377], [-89.11359780378159, 42.26842286030038], [-89.1135977287432, 42.2684223742438], [-89.11359751397315, 42.26842098820243], [-89.11359744939404, 42.2684205674149], [-89.11359741385537, 42.26842034412823], [-89.11359719489592, 42.268418932322156], [-89.1135971699307, 42.26841876744526], [-89.11359665286967, 42.26841542686746], [-89.11359643610486, 42.268414021941865], [-89.11359622338674, 42.26841265135504], [-89.1135955770249, 42.268408477776276], [-89.11359506210155, 42.26840514750855], [-89.11359497877001, 42.268404604778205], [-89.11359494742078, 42.268404407256185], [-89.11359485465762, 42.268403737523315], [-89.11359478874026, 42.26840325841083], [-89.11359383614347, 42.26839639620535], [-89.11359238473493, 42.26838592946736], [-89.11359002448538, 42.2683697174424], [-89.11358999593024, 42.26836949078966], [-89.11358996731799, 42.268369267566584], [-89.11358994075765, 42.268369059798054], [-89.11358927318763, 42.26836380209419], [-89.11358846677454, 42.268357452324736], [-89.11358842801707, 42.268357144969606], [-89.11358809330612, 42.268354502388526], [-89.11358799934756, 42.26835376575656], [-89.11358796249924, 42.26835348243007], [-89.11358792055145, 42.268353089291644], [-89.11358789649974, 42.26835286954061], [-89.11358676122616, 42.26834241599595], [-89.11358671907857, 42.268342034861256], [-89.11358623234528, 42.26833756603948], [-89.11358619641044, 42.26833722783883], [-89.11358617087772, 42.26833695833687], [-89.11358612804842, 42.26833647943638], [-89.1135847284704, 42.26832095711953], [-89.11358470578887, 42.268320655057245], [-89.113584619823, 42.268319438276414], [-89.1135846048352, 42.26831922889905], [-89.11358358868307, 42.268305087312044], [-89.11358357190029, 42.268304847046764], [-89.11358355862184, 42.26830467370179], [-89.11358353719628, 42.268304296187544], [-89.11358347574226, 42.26830313279925], [-89.11358325391407, 42.26829898026963], [-89.11358321186225, 42.268298177226214], [-89.1135832010924, 42.268297991898734], [-89.11358317650509, 42.268297526886364], [-89.11358281379061, 42.26829074041583], [-89.11358270119575, 42.268288626403795], [-89.11358268683595, 42.26828837930049], [-89.11358267128398, 42.268287926376665], [-89.11358266165593, 42.26828767245647], [-89.11358216666285, 42.26827357338688], [-89.1135821481204, 42.26827302267607], [-89.11358212595944, 42.26827241190421], [-89.11358211305544, 42.26827207734519], [-89.11358210337704, 42.2682715490118], [-89.11358209734232, 42.26827121794602], [-89.11358200563603, 42.26826576829602], [-89.11358199985823, 42.26826542179688], [-89.11358190553253, 42.26825985206724], [-89.11358183722297, 42.2682557712656], [-89.11358183803571, 42.268255167565044], [-89.1135818418475, 42.26825313523072], [-89.11358184279285, 42.268252939720334], [-89.11358184254944, 42.26825239946801], [-89.11358185820824, 42.26824022254664], [-89.11358185958514, 42.26823986239256], [-89.11358186013085, 42.26823969088961], [-89.11358186159003, 42.26823946451249], [-89.1135818769725, 42.26823867914731], [-89.113581969096, 42.26823397724498], [-89.11358198250885, 42.26823331020219], [-89.11358204583703, 42.268230060707886], [-89.11358205488246, 42.26822965603217], [-89.11358217457378, 42.26822357545899], [-89.1135821837905, 42.26822316049435], [-89.11358219163367, 42.268222966762394], [-89.11358221604809, 42.26822233240713], [-89.11358231901177, 42.26821961495145], [-89.11358241356135, 42.26821712552409], [-89.1135825609898, 42.26821326280358], [-89.11358280382413, 42.26820685921115], [-89.11358445133438, 42.26818071423072], [-89.11358655318834, 42.268156960813194], [-89.11605657926522, 42.26781799679802], [-89.11699875051121, 42.267691369858625], [-89.1183376605159, 42.26751140652729], [-89.11963140278166, 42.26733749987767], [-89.12056420840528, 42.26721210099731], [-89.12058654573917, 42.26730376827204], [-89.1193898503893, 42.267463813742616], [-89.11940386203273, 42.26752114819767], [-89.11979720228425, 42.26913070780607], [-89.11978805658296, 42.26913190719633], [-89.11976202186003, 42.269135322646065], [-89.11976852642928, 42.269161996632896], [-89.11977645811649, 42.26919452863881], [-89.11982745231472, 42.26940366445928], [-89.11986136796342, 42.269542753148066], [-89.11988240184168, 42.269539993496075], [-89.11989676617826, 42.26953810767981], [-89.1199309895647, 42.26967814930833], [-89.11994417598265, 42.26973210258404], [-89.1199810468816, 42.26988297164415], [-89.12004429750765, 42.27014177814678], [-89.12005916233163, 42.27020260532605], [-89.12008087716032, 42.27025835664065], [-89.12008787253775, 42.27027631562059], [-89.12011383601566, 42.27034297587545], [-89.12016264865736, 42.27046829968712], [-89.11985046567334, 42.270509279250184], [-89.11913361768859, 42.270611373353255], [-89.11889881476895, 42.27064487448837], [-89.11865286567824, 42.270679864873344], [-89.11838921344275, 42.270717382149314], [-89.11813992992283, 42.2707528897773], [-89.11791109050594, 42.270785428085574], [-89.11758816844079, 42.27083214311232], [-89.1175966833936, 42.270737548642316], [-89.1171911935282, 42.270793938301445], [-89.11617012631437, 42.27093592455038], [-89.1161693223328, 42.270930245419414], [-89.11616878481539, 42.2709264587464], [-89.11616811519201, 42.27092172756977], [-89.11616767275312, 42.27091889020639], [-89.11616737624516, 42.270916999188294], [-89.11616678553813, 42.27091321717325], [-89.11616590060369, 42.27090754587607], [-89.11616348015521, 42.27089338459251], [-89.11614342146027, 42.270804153941995], [-89.11605632708702, 42.270584429657525]], [[-89.116704359775, 42.26859884543601], [-89.11655611348036, 42.26799571286173], [-89.11605655750085, 42.26806458563027], [-89.11529530905256, 42.26816953856405], [-89.11540587499945, 42.26862339152167], [-89.11540060523161, 42.26862410299355], [-89.1154057298117, 42.26864491272446], [-89.11540139120234, 42.26864558985536], [-89.1154296077266, 42.26876017571942], [-89.1154324371832, 42.268771665248316], [-89.11602518983628, 42.26869112901229], [-89.11605650108048, 42.268686874340005], [-89.116704359775, 42.26859884543601]]]]}, "properties": {"pin": "11-21-476-005", "house_number": "500", "street_prefix": "S", "street_name": "INDEPENDENCE", "street_suffix": "AVE", "street_postdir": null, "city": "ROCKFORD", "owner_name": "CITY OF ROCKFORD", "owner_address": "425 E STATE STREET", "owner_city": "ROCKFORD", "owner_state": "IL", "owner_zip": "61104", "address": "500 S. Independence\u00a0Street", "building_name": "North/South Warehouse Buildings", "quadrant": "Southwest", "original_owner": "Emerson-Brantingham Company", "current_owner": "City of Rockford", "current_tenants": "City of Rockford", "original_industry": "Farm implements", "later_industries": null, "building_sqft": "130,200", "year_built": null, "year_built_additions": null, "architect": null, "contractor": null, "historic_status": null, "historic_criteria": "A", "resource_status": "Contributing", "land_sqft": null, "stories": "3", "style": "warehouse", "structural_system": "Reinforced Concrete", "notes": null, "tif_district": "Preston and Central", "oz": "Y", "rerz": "N", "tif": "Y", "id": "500-s-independence-street"}}, {"type": "Feature", "geometry": {"type": "MultiPolygon", "coordinates": [[[[-89.10381803347384, 42.269659873431294], [-89.10384410434312, 42.269624407119146], [-89.10384800859029, 42.26962691644682], [-89.10388082109907, 42.26964801072866], [-89.10395062225051, 42.269692886045824], [-89.10409795830901, 42.26978910030939], [-89.10416121488417, 42.2698146270831], [-89.10416288237815, 42.26981529940784], [-89.10400678154924, 42.26998336451321], [-89.1040372000194, 42.26999893802312], [-89.1039855805614, 42.270198777437066], [-89.10389805632933, 42.27019922006444], [-89.10383165637236, 42.27017219762153], [-89.10383146603426, 42.27017211867892], [-89.10358114624222, 42.270070244980744], [-89.10353127559962, 42.27004997007017], [-89.10381803347384, 42.269659873431294]]]]}, "properties": {"pin": "11-22-453-017", "house_number": "802", "street_prefix": null, "street_name": "CEDAR", "street_suffix": "ST", "street_postdir": null, "city": "ROCKFORD", "owner_name": "802 CEDAR STREET LLC", "owner_address": "PO BOX 1926", "owner_city": "ROCKFORD", "owner_state": "IL", "owner_zip": "61110", "address": "631 Cedar Street", "building_name": "Mike Harris Building", "quadrant": "Southwest", "original_owner": "Continental Desk Co.", "current_owner": "Mike Harris Masonry", "current_tenants": "Mike Harris Masonry", "original_industry": "Furniture Mfg (desks)", "later_industries": null, "building_sqft": "23,296", "year_built": "1908", "year_built_additions": "west Add.1917", "architect": null, "contractor": "E.H. Daniels", "historic_status": "Undetermined", "historic_criteria": "A", "resource_status": "Contributing", "land_sqft": "20,592", "stories": "2", "style": "Mill", "structural_system": "Heavy timber/wood frame", "notes": null, "tif_district": "West State and Kilburn", "oz": "Y", "rerz": "Y", "tif": "N", "id": "631-cedar-street"}}, {"type": "Feature", "geometry": {"type": "MultiPolygon", "coordinates": [[[[-89.06755638099736, 42.24527616846327], [-89.0675511224805, 42.245231237755945], [-89.06754869419574, 42.24519041435659], [-89.0675326084083, 42.24519050545038], [-89.06753671916465, 42.24440575505576], [-89.06753867034429, 42.24437632919363], [-89.0675493858388, 42.244197322234314], [-89.06762569193604, 42.24363111529469], [-89.0676646954515, 42.2433239337628], [-89.0676830186282, 42.243015688685965], [-89.06768620811438, 42.24253615419245], [-89.06773352403535, 42.242505955594886], [-89.06773396220551, 42.242442405620324], [-89.06773748609714, 42.24191378169784], [-89.06980191428049, 42.24190127342074], [-89.06997912699906, 42.24190019656756], [-89.07015633971736, 42.241899119440426], [-89.0703335524354, 42.24189804203938], [-89.07051076515319, 42.24189696436444], [-89.0706879778707, 42.24189588641556], [-89.07086519106275, 42.241894780755935], [-89.07104240330493, 42.241893729696045], [-89.07104004505835, 42.2421901012728], [-89.07103772368555, 42.242486473186894], [-89.07086050930941, 42.242487551656964], [-89.07068325800792, 42.24248862950026], [-89.07050608055629, 42.24248970777537], [-89.0703543515906, 42.242490617426114], [-89.07033312279509, 42.245173464938915], [-89.07033304781343, 42.24518419378708], [-89.07033292972886, 42.24519527896067], [-89.07032954580414, 42.24562744774176], [-89.07032783894509, 42.24581559669427], [-89.07044973127032, 42.24581484096855], [-89.07044410866531, 42.24643819954977], [-89.07032225159197, 42.246438983045294], [-89.07011920586397, 42.246440279908526], [-89.06991616061052, 42.24644154897536], [-89.06971315228385, 42.24644281803579], [-89.069510069151, 42.24644414090377], [-89.0693074104114, 42.24640246689936], [-89.06910487767027, 42.24634395333787], [-89.06906340599794, 42.24632971056864], [-89.06896478141172, 42.24629248232599], [-89.06891210358046, 42.24627060817115], [-89.06887008180941, 42.24625894126723], [-89.06886188281864, 42.24625666576214], [-89.06880839075168, 42.246241815607966], [-89.06879835855464, 42.24623903032046], [-89.06880299383918, 42.24622038542818], [-89.0687676731663, 42.24620259804385], [-89.0687661996335, 42.24620184645159], [-89.0687637651179, 42.24620060372117], [-89.06873406287055, 42.24618495050885], [-89.06865927313984, 42.24614301074174], [-89.06862991535193, 42.24612546734806], [-89.0685075937198, 42.246105025454725], [-89.06845617302001, 42.24609107309323], [-89.06825319542557, 42.24602078314959], [-89.06810571141358, 42.24595216324369], [-89.06788788042375, 42.24583107537951], [-89.06776253443985, 42.24570835132197], [-89.06766405883205, 42.24557277365211], [-89.06759479263464, 42.24542756291608], [-89.06755638099736, 42.24527616846327]]]]}, "properties": {"pin": "11-36-330-013", "house_number": "2136", "street_prefix": null, "street_name": "12TH", "street_suffix": "ST", "street_postdir": null, "city": "ROCKFORD", "owner_name": "TUNEBERG", "owner_address": "CLEVELAND BELDEN & ASSOCIATES TRUST", "owner_city": "ROCKFORD", "owner_state": "IL", "owner_zip": "61114", "address": "2136 12th Street", "building_name": "Greenlee Bros. Building", "quadrant": "Southeast", "original_owner": "Greenlee Bros. & Co.", "current_owner": "James E Tuneberg, Trustee", "current_tenants": "Buss Machine Works", "original_industry": "die casting machinery", "later_industries": "metal working, wood working, foundry and die", "building_sqft": "636,300", "year_built": "1905", "year_built_additions": null, "architect": null, "contractor": null, "historic_status": null, "historic_criteria": "A&C", "resource_status": "Contributing", "land_sqft": "1,201,411", "stories": "3", "style": "Industrial Sawtooth", "structural_system": "Steel Truss", "notes": "Sawtooth roofs", "tif_district": null, "oz": "N", "rerz": "N", "tif": "N", "id": "2136-12th-street"}}, {"type": "Feature", "geometry": {"type": "MultiPolygon", "coordinates": [[[[-89.07606035880745, 42.25696436717535], [-89.07606069666166, 42.25689974614242], [-89.0760615272923, 42.256718641501614], [-89.07683931275506, 42.25671719939349], [-89.07683822581556, 42.256898301608814], [-89.07683713885902, 42.25707940381842], [-89.07683603132696, 42.257255264540056], [-89.07636943038142, 42.25708028179431], [-89.07606035880745, 42.25696436717535]]]]}, "properties": {"pin": "11-25-309-007", "house_number": "1000", "street_prefix": null, "street_name": "9TH", "street_suffix": "ST", "street_postdir": null, "city": "ROCKFORD", "owner_name": "LIONSCOVE FUND I LLC", "owner_address": "24032 SE 21ST ST", "owner_city": "SAMMAMISH", "owner_state": "WA", "owner_zip": "98075", "address": "1000 9th Street", "building_name": "Johnson Dahlgren Cabinets", "quadrant": "Southeast", "original_owner": "Capital Ornamental Ironworks & Brass Shop", "current_owner": "Sunlee Development LLC", "current_tenants": null, "original_industry": null, "later_industries": null, "building_sqft": "26,936", "year_built": "1910", "year_built_additions": null, "architect": null, "contractor": null, "historic_status": null, "historic_criteria": "A&C", "resource_status": "Contributing", "land_sqft": "30,067", "stories": "2", "style": "Industrial", "structural_system": "Wood framed, steel, clearstory roof", "notes": null, "tif_district": "Midtown", "oz": "N", "rerz": "N", "tif": "Y", "id": "1000-9th-street"}}, {"type": "Feature", "geometry": {"type": "MultiPolygon", "coordinates": [[[[-89.09851857894775, 42.253602690540646], [-89.09975638875441, 42.253042225587286], [-89.09981452900742, 42.25311230279162], [-89.09988006194368, 42.25319084578041], [-89.09985290906617, 42.25319984092969], [-89.09981357223919, 42.253215089119806], [-89.09978604943788, 42.25324383857049], [-89.09975848967974, 42.25327258767059], [-89.09971900201275, 42.25329678029857], [-89.09967947784642, 42.25332094513188], [-89.09964013990755, 42.25333844344072], [-89.0996008778761, 42.25334924675756], [-89.09956154089656, 42.25336449485908], [-89.09952216642941, 42.25338196534597], [-89.09950043730116, 42.25339131273446], [-89.0994821893156, 42.25340450685745], [-89.09944277640504, 42.25342425458953], [-89.09940340186841, 42.25344172503467], [-89.09936398937306, 42.253461445301994], [-89.09932457685329, 42.25348116555542], [-89.0992852397265, 42.253496413560164], [-89.09924590211824, 42.253511688988134], [-89.09920656495392, 42.253526936965386], [-89.09912781514036, 42.253561905113116], [-89.09908832705396, 42.25358609751796], [-89.09906076683012, 42.25361484644338], [-89.09903922648186, 42.25364365140332], [-89.0990207145315, 42.25367248455199], [-89.09900818553835, 42.25370137339675], [-89.09899864802198, 42.25373029008981], [-89.0989831639861, 42.25375917886222], [-89.09895564057001, 42.25378792810397], [-89.09893712853831, 42.25381676123751], [-89.09890956768109, 42.25384553756059], [-89.09888802764678, 42.253874315052286], [-89.0988605041368, 42.25390306426958], [-89.0988329436696, 42.25393181313598], [-89.09880242814725, 42.253960561921126], [-89.09876884815817, 42.25398922727987], [-89.09872951012018, 42.254004502524566], [-89.09869021002525, 42.2540175279202], [-89.09865246769274, 42.25403674210788], [-89.09861316756235, 42.25404976747665], [-89.09857371694073, 42.25407170986139], [-89.09855217574992, 42.25410054216033], [-89.0985306719345, 42.25412934736181], [-89.09851212267534, 42.254158180077766], [-89.09849963028267, 42.254187069204825], [-89.09847206952702, 42.2542158179798], [-89.09844753719068, 42.254244594956326], [-89.09842001285521, 42.25427337149901], [-89.09838946051049, 42.25430209238756], [-89.09835008513943, 42.254319562458925], [-89.09831070928368, 42.25433705995347], [-89.09827712840845, 42.254365752598616], [-89.09823771545194, 42.25438544502821], [-89.09815881303997, 42.25442935695218], [-89.09812526897935, 42.25445804989516], [-89.09810073592747, 42.25448685423045], [-89.09806416335277, 42.25451551893674], [-89.09803061920333, 42.2545442118506], [-89.09799112949293, 42.254570626603545], [-89.09795167892482, 42.25459034602452], [-89.0979121902107, 42.254614510570725], [-89.09787266407074, 42.25463870219566], [-89.0978331746991, 42.25466508945537], [-89.09779372296127, 42.25468705899906], [-89.09775427225972, 42.25470677835021], [-89.09771143830044, 42.2547518493759], [-89.09768478324679, 42.25477942642284], [-89.09766178449412, 42.25480703754531], [-89.09760086569413, 42.254862148122875], [-89.09758167093383, 42.25488979468927], [-89.0975549788323, 42.2549173713598], [-89.09753197997216, 42.25494498245438], [-89.09750528782544, 42.25497255911257], [-89.09746737800127, 42.25499725960792], [-89.0974331515348, 42.255024766005434], [-89.0973952790475, 42.255049439383406], [-89.09735746323398, 42.25506857013031], [-89.09731969421738, 42.2550849297276], [-89.09728192564499, 42.25510126187519], [-89.0972441565897, 42.255117621447084], [-89.09720634069033, 42.25513675214295], [-89.09717588117802, 42.25516429359091], [-89.0971416914276, 42.25519180024264], [-89.09711123186052, 42.25521934167253], [-89.09707700511936, 42.25524684795961], [-89.09704277834841, 42.255274354236], [-89.0970049050965, 42.25529905491755], [-89.09697067826595, 42.25532656117151], [-89.09694771593381, 42.25535417248688], [-89.09691348904846, 42.255381678722884], [-89.09689433076093, 42.255409325511096], [-89.0968676012065, 42.25543690166876], [-89.09684090902535, 42.25546445072733], [-89.09681074131947, 42.25550530383763], [-89.09679831200172, 42.25553476962674], [-89.09677391684399, 42.25556409634227], [-89.0967375549023, 42.25559333885042], [-89.096709207859, 42.25562262868268], [-89.0966728089206, 42.2556518708247], [-89.09664845059207, 42.25568119785636], [-89.09663449440129, 42.25569391017699], [-89.09657917604102, 42.25565363155309], [-89.09615243613683, 42.25534263544149], [-89.09579156173326, 42.25507967138625], [-89.09578861930008, 42.254899903266285], [-89.09578578685023, 42.25472891739054], [-89.09578569456751, 42.25472345570594], [-89.09658298917901, 42.2543553633838], [-89.09728738965704, 42.25403016822297], [-89.09732090098827, 42.25402965745957], [-89.09750947344124, 42.25400859491047], [-89.09769269453955, 42.2539693305925], [-89.09786739532375, 42.253912543614796], [-89.09803055422105, 42.25383921615438], [-89.09851857894775, 42.253602690540646]]]]}, "properties": {"pin": "11-27-477-001", "house_number": "1215", "street_prefix": null, "street_name": "NELSON", "street_suffix": "BLVD", "street_postdir": null, "city": "ROCKFORD", "owner_name": "VALSPAR CORP", "owner_address": "C/O BRAZOS TAX GROUP LLP", "owner_city": "FORT WORTH", "owner_state": "TX", "owner_zip": "76102", "address": "200 Sayre Street", "building_name": "Rockcote/ Valspar\u00a0Building", "quadrant": "Southeast", "original_owner": null, "current_owner": "Valspar Corp C/O Brazos Tax Group LLP", "current_tenants": null, "original_industry": "Paper manufacturing", "later_industries": null, "building_sqft": null, "year_built": "1916", "year_built_additions": "1920, 1928", "architect": null, "contractor": null, "historic_status": null, "historic_criteria": "A", "resource_status": null, "land_sqft": "216,000", "stories": "3", "style": "Industrial Daylighting", "structural_system": "Reinforced concrete", "notes": null, "tif_district": "Broadway", "oz": "Y", "rerz": "Y", "tif": "Y", "id": "200-sayre-street"}}, {"type": "Feature", "geometry": {"type": "MultiPolygon", "coordinates": [[[[-89.09736329152186, 42.265569201193536], [-89.0973426274235, 42.265480290879545], [-89.09712804374122, 42.265517997312294], [-89.09714966315414, 42.26557878926969], [-89.0971268987504, 42.26558354383238], [-89.09707043447155, 42.265595228576345], [-89.0970808424966, 42.2655827301066], [-89.09707883977828, 42.26555477621291], [-89.09706169214618, 42.26552668106406], [-89.09702449801702, 42.26550210350667], [-89.09698704571015, 42.26549061301579], [-89.09694962542552, 42.26547722936361], [-89.0969122420957, 42.26546384604394], [-89.09687485338982, 42.26544859665541], [-89.0968375277977, 42.26542961583045], [-89.09680010758152, 42.26541623213012], [-89.09678052215394, 42.26538811419607], [-89.09674837711596, 42.2653599065233], [-89.09671117735603, 42.26533349024621], [-89.09670160237654, 42.265305465695576], [-89.09669206434396, 42.265277441488756], [-89.09668001449131, 42.26524939384506], [-89.09667295136481, 42.265221392727945], [-89.09666337641826, 42.26519336817397], [-89.09664857615118, 42.26516411488931], [-89.09663648939987, 42.265136066896304], [-89.0966269149457, 42.26510801490225], [-89.09661486468877, 42.26507999468853], [-89.09660528978817, 42.26505197012954], [-89.09659822671509, 42.265023969007515], [-89.09658617695021, 42.26499592135376], [-89.09657663901281, 42.26496789713694], [-89.09654526227703, 42.264959811028994], [-89.09653915601255, 42.264958244778484], [-89.09650138993767, 42.26496532894341], [-89.09648930282401, 42.26493730837204], [-89.09647725358747, 42.264909233270195], [-89.09646767830826, 42.26488123613683], [-89.09645307987665, 42.26485316468408], [-89.09644067294941, 42.26479163532602], [-89.09644153478128, 42.26474068492127], [-89.09644195946947, 42.264693736862704], [-89.09646560028743, 42.26468520371758], [-89.09645561454712, 42.26465744972323], [-89.09644936051049, 42.26462967567069], [-89.09643737400076, 42.26459789657652], [-89.09642924178031, 42.26457413886223], [-89.09641788165817, 42.26454464323739], [-89.09640830692132, 42.26451661866129], [-89.09640124399054, 42.26448861752621], [-89.09639170620726, 42.26446059329337], [-89.09638360244166, 42.264428603457986], [-89.09637605515782, 42.2644008447721], [-89.09636757003912, 42.264373928012354], [-89.09636030090856, 42.26434938255056], [-89.0963527490024, 42.2643218982324], [-89.09634616770383, 42.264293819264424], [-89.09633456832422, 42.26426100100253], [-89.09632923206509, 42.26423576010514], [-89.09632034140357, 42.26421097997583], [-89.09630929221518, 42.26418058167855], [-89.09630110683399, 42.2641534207391], [-89.09629323765617, 42.264127223195025], [-89.09628496487669, 42.26409649407233], [-89.09627539026268, 42.26406846948441], [-89.09626736287295, 42.264040706308634], [-89.09625859712224, 42.264008545635846], [-89.09625188983708, 42.26398573421061], [-89.0962439238106, 42.26395871252012], [-89.09623505642809, 42.26393256053656], [-89.09624804383024, 42.26392700141712], [-89.09624478016109, 42.263877521769516], [-89.09624103845132, 42.263845380547735], [-89.09623860867171, 42.26381648964231], [-89.09623677434448, 42.26378952518427], [-89.09622656098102, 42.263764321080586], [-89.09620077858392, 42.263731315532134], [-89.09618366875978, 42.263703220598], [-89.09615906059226, 42.263675055666084], [-89.09614948609418, 42.263647031066974], [-89.09613994854205, 42.263619006811844], [-89.09613539758443, 42.263591029105676], [-89.09613084663059, 42.26356305139923], [-89.09612378438497, 42.263535022808114], [-89.0961142463959, 42.26350702598759], [-89.09610937833756, 42.26347813975742], [-89.09609481777862, 42.26345004116565], [-89.09608021936639, 42.263421997101084], [-89.09607315669348, 42.26339399594355], [-89.09606365614866, 42.26336597202651], [-89.09606261507462, 42.26335981546047], [-89.09605906830323, 42.26333799397184], [-89.09604949389754, 42.26330996936384], [-89.09603995597335, 42.26328197253679], [-89.09603289333268, 42.263253971376486], [-89.09602842737708, 42.263236257497454], [-89.09635351498085, 42.26327636519484], [-89.09651311020806, 42.26329602072568], [-89.09655215232202, 42.26330080309383], [-89.09698224294777, 42.26336002746743], [-89.09709428915349, 42.263375506647854], [-89.09725793718896, 42.26339802539342], [-89.09746143347296, 42.26348257599467], [-89.09766599454548, 42.26356754777936], [-89.0979500442124, 42.26367743576203], [-89.09814490497119, 42.263752794168276], [-89.0981138362795, 42.26379649305633], [-89.09818325400046, 42.26378114158413], [-89.09840947695544, 42.26387421695525], [-89.09841692902653, 42.26387744040442], [-89.09849768013363, 42.26391766177209], [-89.09857115251486, 42.263964959865675], [-89.09863622886974, 42.26401861543082], [-89.0986800694085, 42.264063903931266], [-89.09868384851923, 42.26406832286982], [-89.09868748955414, 42.264072577589786], [-89.09868812808212, 42.26407332445078], [-89.09868825931942, 42.26407348346033], [-89.09868995614103, 42.26407555221312], [-89.09869257826048, 42.26407875124523], [-89.09869473657696, 42.26408138512688], [-89.0986959424422, 42.26408285588979], [-89.09869985741797, 42.26408784378456], [-89.098703510209, 42.26409249651205], [-89.09870478618792, 42.264094190888194], [-89.09870555173478, 42.264095209914615], [-89.09870614570465, 42.264095997522496], [-89.098708876021, 42.26409962633182], [-89.09870961620206, 42.264100643406906], [-89.09871079193319, 42.26410225795576], [-89.09871145538662, 42.26410316969642], [-89.09871329687998, 42.264105696007405], [-89.09871410928739, 42.26410681151465], [-89.09872470913288, 42.26412203894597], [-89.09872575647898, 42.264123599131594], [-89.098731441339, 42.26413207311394], [-89.09873156074397, 42.264132249164035], [-89.09873386262072, 42.26413568017894], [-89.09873799624444, 42.26414153107865], [-89.09875869937478, 42.26416912227334], [-89.09880333156704, 42.26422018762688], [-89.09877709261808, 42.26425600456526], [-89.09874456691877, 42.26430040009639], [-89.09872365526968, 42.26432893637927], [-89.09881389760079, 42.26436465458461], [-89.09884949040449, 42.26437877010396], [-89.09887910434418, 42.264390475138015], [-89.09883129993393, 42.264403817545144], [-89.09882773296675, 42.26440871690115], [-89.09878413465063, 42.26446876234772], [-89.09869376053378, 42.26459323306817], [-89.09858191434533, 42.26474534633786], [-89.09854878975565, 42.26473218672832], [-89.09831340409207, 42.26505875946543], [-89.09834996003025, 42.265073285439996], [-89.09874699392348, 42.26523104043927], [-89.09880200935135, 42.26525290034033], [-89.09868505887226, 42.26541173901118], [-89.09856913016169, 42.265569105245106], [-89.0984496840154, 42.265731268256026], [-89.09833329973473, 42.265889288587566], [-89.09821332317256, 42.266052159872785], [-89.09810105907317, 42.26620459288474], [-89.09798089197227, 42.26636773655292], [-89.09791279257307, 42.26646015525854], [-89.09789108740492, 42.26648967186736], [-89.0975132455699, 42.266214398968685], [-89.09747191569456, 42.26603663327441], [-89.09745624533623, 42.26596920117798], [-89.09739587266203, 42.26570934570722], [-89.09736897372971, 42.26559367690826], [-89.09736329152186, 42.265569201193536]]]]}, "properties": {"pin": "11-27-230-024", "house_number": "650", "street_prefix": null, "street_name": "RACE", "street_suffix": "ST", "street_postdir": null, "city": "ROCKFORD", "owner_name": "MEIBORG HOLDINGS VII LLC", "owner_address": "2210 HARRISON AVE", "owner_city": "ROCKFORD", "owner_state": "IL", "owner_zip": "61104", "address": "700 S. Wyman Street", "building_name": "Rockford Mallable Iron Works", "quadrant": "Water Power District", "original_owner": "Utter Manufacturing", "current_owner": null, "current_tenants": null, "original_industry": "Foundry", "later_industries": null, "building_sqft": null, "year_built": null, "year_built_additions": null, "architect": null, "contractor": null, "historic_status": null, "historic_criteria": "A&C", "resource_status": "Contributing", "land_sqft": null, "stories": "2", "style": "Industrial Foundry", "structural_system": "Cast Iron col, Wood Trussed roof, monitors,", "notes": null, "tif_district": "South Rockford", "oz": "N", "rerz": "Y", "tif": "Y", "id": "700-s-wyman-street"}}, {"type": "Feature", "geometry": {"type": "MultiPolygon", "coordinates": [[[[-89.07626019222675, 42.24514594592302], [-89.07693432710255, 42.24514154156615], [-89.07693417097863, 42.24515490401947], [-89.07692907832144, 42.24559240791764], [-89.07672799279942, 42.2455937076752], [-89.07652690774894, 42.24559497964318], [-89.07632582222529, 42.24559627869534], [-89.07612473670075, 42.245597577394804], [-89.07592365164801, 42.2455988483047], [-89.07572256612187, 42.24560014629877], [-89.07552148106768, 42.24560141650328], [-89.07552333957982, 42.245163552621925], [-89.07572597369068, 42.24516232458784], [-89.07592705688074, 42.24516108144533], [-89.07612814007027, 42.24515983795013], [-89.07626015146583, 42.245159035058506], [-89.07626019222675, 42.24514594592302]]]]}, "properties": {"pin": "11-36-158-001", "house_number": "1310", "street_prefix": null, "street_name": "20TH", "street_suffix": "AVE", "street_postdir": null, "city": "ROCKFORD", "owner_name": "FORGE PROPERTY HOLDINGS LLC", "owner_address": "1801 PLEASANT ST", "owner_city": "DEKALB", "owner_state": "IL", "owner_zip": "60115", "address": "1310 20th Ave", "building_name": "Rockford Drop Forge Shower Facility", "quadrant": null, "original_owner": "Rockford Drop Forge", "current_owner": "Rockford Drop Forge & Machine Company", "current_tenants": null, "original_industry": "Worker Shower facility", "later_industries": null, "building_sqft": "6,396", "year_built": "1943", "year_built_additions": null, "architect": null, "contractor": null, "historic_status": null, "historic_criteria": "A&C", "resource_status": "Contributing", "land_sqft": "64,199", "stories": "1", "style": "Art Deco", "structural_system": "Steel framed", "notes": null, "tif_district": null, "oz": "N", "rerz": "N", "tif": "N", "id": "1310-20th-ave"}}, {"type": "Feature", "geometry": {"type": "MultiPolygon", "coordinates": [[[[-89.09284842685702, 42.247252967305265], [-89.09283609610816, 42.2464218024213], [-89.09283549219434, 42.24638105835723], [-89.09379896511335, 42.246373763366144], [-89.09381773868506, 42.24763693078315], [-89.0931053759062, 42.24764232509542], [-89.09309954313379, 42.24725106657613], [-89.09284842685702, 42.247252967305265]]]]}, "properties": {"pin": "11-35-153-003", "house_number": "333", "street_prefix": null, "street_name": "18TH", "street_suffix": "AVE", "street_postdir": null, "city": "ROCKFORD", "owner_name": "CAZZ PROPERTIES LLC", "owner_address": "2040 HAWTHORNE DR", "owner_city": "ROCKFORD", "owner_state": "IL", "owner_zip": "61107", "address": "333 18th Avenue", "building_name": "Modern Suspension\u00a0Systems Building", "quadrant": "Southeast", "original_owner": "Roper Industries", "current_owner": "Elizabeth Maria Odling", "current_tenants": "Vacant", "original_industry": "Stove Manufuring", "later_industries": "Casters", "building_sqft": "47,809", "year_built": "1941", "year_built_additions": null, "architect": null, "contractor": null, "historic_status": null, "historic_criteria": "A", "resource_status": "Contributing", "land_sqft": "110,381", "stories": "2", "style": "Industrial Daylighting", "structural_system": "Steel Frame , Linear skylights", "notes": null, "tif_district": null, "oz": "Y", "rerz": "N", "tif": "N", "id": "333-18th-avenue"}}, {"type": "Feature", "geometry": {"type": "MultiPolygon", "coordinates": [[[[-89.0939953609925, 42.2449128129495], [-89.09400574656812, 42.24354087598501], [-89.08994156874668, 42.2435736798278], [-89.08994878863477, 42.24262460551506], [-89.08995731607214, 42.241499781307006], [-89.09095047345913, 42.2414921147471], [-89.09106559806426, 42.24142401478954], [-89.09121108586962, 42.24142293687568], [-89.09130522836028, 42.24137036382945], [-89.09145512403985, 42.24129238130837], [-89.09580008598984, 42.24125869483953], [-89.09650787801567, 42.241253172379906], [-89.0965052159087, 42.24189799258785], [-89.09647150555004, 42.242105134865014], [-89.09646039506808, 42.24220005096279], [-89.09642787633096, 42.24229221048321], [-89.09637488298115, 42.24237896718733], [-89.09630293657953, 42.24245782996076], [-89.09616639141177, 42.242576419458324], [-89.0957901596394, 42.242579383230584], [-89.09504383135737, 42.24258516544846], [-89.09504123967807, 42.24292814985395], [-89.09472102537057, 42.24319225968672], [-89.09428529046356, 42.24319565022917], [-89.09427231728785, 42.24491057332927], [-89.0939953609925, 42.2449128129495]]]]}, "properties": {"pin": "11-35-302-011", "house_number": "302", "street_prefix": null, "street_name": "PEOPLES", "street_suffix": "AVE", "street_postdir": null, "city": "ROCKFORD", "owner_name": "GUNITE USA LLC", "owner_address": "302 PEOPLES AVE", "owner_city": "ROCKFORD", "owner_state": "IL", "owner_zip": "61104", "address": "302 Peoples Avenue", "building_name": "Gunite", "quadrant": "Southeast", "original_owner": "Rockford Malleable Iron Works", "current_owner": "Gunite Corp. Attn: Brent Williams", "current_tenants": "Accuride", "original_industry": "Foundry/brake drums", "later_industries": null, "building_sqft": "619,113", "year_built": "1928", "year_built_additions": null, "architect": "Ross Beckstrom Co.", "contractor": null, "historic_status": null, "historic_criteria": "A&C", "resource_status": "Contributing", "land_sqft": "1,311,156", "stories": "3", "style": "Industrial Foundry", "structural_system": "Steel Truss, Conc. Floor", "notes": null, "tif_district": null, "oz": "Y", "rerz": "N", "tif": "N", "id": "302-peoples-avenue"}}, {"type": "Feature", "geometry": {"type": "MultiPolygon", "coordinates": [[[[-89.08613530144846, 42.24139328402156], [-89.08613672291368, 42.241267914343474], [-89.08613763965609, 42.24118700179583], [-89.08616364198457, 42.24118680771173], [-89.08674525570862, 42.24118268129539], [-89.08674423187342, 42.241318506463216], [-89.08674318182413, 42.24145586809805], [-89.08674213129619, 42.241593257166535], [-89.0867410807575, 42.2417306462317], [-89.08674003067601, 42.241868007856624], [-89.08673891358592, 42.24201362870031], [-89.08673765308592, 42.2421784845912], [-89.08673632237954, 42.242347456021946], [-89.08633575567508, 42.242350324272934], [-89.08615041276289, 42.24235165166245], [-89.08612448380633, 42.24235184643381], [-89.08612825000584, 42.24201860647194], [-89.08612930251427, 42.241924465042416], [-89.08613035548484, 42.24183029617438], [-89.08613144537419, 42.241736127652665], [-89.08613297304365, 42.241598990063544], [-89.08613530144846, 42.24139328402156]]]]}, "properties": {"pin": "11-35-407-013", "house_number": "2320", "street_prefix": null, "street_name": "KISHWAUKEE", "street_suffix": null, "street_postdir": null, "city": "ROCKFORD", "owner_name": "SKRZYPCZAK", "owner_address": "2320 KISWAUKEE ST", "owner_city": "ROCKFORD", "owner_state": "IL", "owner_zip": "61104", "address": "2320 Kishwaukee Street", "building_name": "Sall Brothers", "quadrant": "Southeast", "original_owner": "Sall Brothers", "current_owner": null, "current_tenants": null, "original_industry": "Brass Castings & machines", "later_industries": null, "building_sqft": "42,742", "year_built": "1913, 1918", "year_built_additions": "1922, 1926", "architect": null, "contractor": null, "historic_status": null, "historic_criteria": "A&C", "resource_status": "Contributing", "land_sqft": "70,090", "stories": "2", "style": "Industrial", "structural_system": "Steel frame, roof monitor", "notes": null, "tif_district": null, "oz": "N", "rerz": "N", "tif": "N", "id": "2320-kishwaukee-street"}}, {"type": "Feature", "geometry": {"type": "MultiPolygon", "coordinates": [[[[-89.08994156874668, 42.2435736798278], [-89.09400574656812, 42.24354087598501], [-89.0939953609925, 42.2449128129495], [-89.08993112736968, 42.24494561742904], [-89.08994156874668, 42.2435736798278]]]]}, "properties": {"pin": "11-35-302-002", "house_number": "545", "street_prefix": null, "street_name": "BLACKHAWK PARK", "street_suffix": "AVE", "street_postdir": null, "city": "ROCKFORD", "owner_name": "HESPERIDES PROPERTIES LLC", "owner_address": "545 BLACKHAWK PARK AVE", "owner_city": "ROCKFORD", "owner_state": "IL", "owner_zip": "61104", "address": "545 Blackhawk Park Avenue", "building_name": "Mattison Machine Building", "quadrant": "Southeast", "original_owner": "Mattison Machine", "current_owner": "Hesperides Properties LLC", "current_tenants": null, "original_industry": "Machine Tool/woodworking equip", "later_industries": null, "building_sqft": "142,000", "year_built": "1917", "year_built_additions": null, "architect": null, "contractor": null, "historic_status": null, "historic_criteria": "A&C", "resource_status": "Contributing", "land_sqft": "550,000", "stories": "2", "style": "Industrial daylighting", "structural_system": "Steel & concrete", "notes": null, "tif_district": null, "oz": "Y", "rerz": "N", "tif": "N", "id": "545-blackhawk-park-avenue"}}, {"type": "Feature", "geometry": {"type": "MultiPolygon", "coordinates": [[[[-89.10463980594062, 42.268091924388074], [-89.10473461889447, 42.267803734379854], [-89.1047768418308, 42.26780438605292], [-89.1049052235204, 42.26780637055844], [-89.10498545999037, 42.2678417905967], [-89.10499281090864, 42.26784503497744], [-89.1049912764182, 42.267910879814465], [-89.1051996903975, 42.267913965057815], [-89.10530633869122, 42.26791554385266], [-89.10530433173173, 42.26799043822425], [-89.10541733570403, 42.26799127994184], [-89.10564904416766, 42.26799300720959], [-89.1058681417628, 42.26799463965245], [-89.10600451585066, 42.26799565580581], [-89.1060813221808, 42.268000888828496], [-89.1061518640766, 42.26800569512596], [-89.10640550271133, 42.26802297534232], [-89.10669744092355, 42.26804286433611], [-89.10677737500309, 42.26804830931589], [-89.10721726514663, 42.26802402209016], [-89.10722770179281, 42.268067907913384], [-89.10670080484523, 42.268135645201106], [-89.10644143337254, 42.26816485988689], [-89.10619216914846, 42.26818179143989], [-89.10612493500903, 42.268185724929396], [-89.10589927013325, 42.268196590039075], [-89.10567011412058, 42.26820412945257], [-89.1054291193776, 42.26820821101765], [-89.10519934601048, 42.26820849928256], [-89.1049643897251, 42.26820500709077], [-89.10473337117652, 42.26819803839948], [-89.10465235955282, 42.268106160892415], [-89.10463980594062, 42.268091924388074]]]]}, "properties": {"pin": "11-22-457-002", "house_number": "720", "street_prefix": null, "street_name": "SOUTH", "street_suffix": "ST", "street_postdir": null, "city": "ROCKFORD", "owner_name": "720 SOUTH STREET COMPLEX LLC", "owner_address": "PO BOX 1926", "owner_city": "ROCKFORD", "owner_state": "IL", "owner_zip": "61110", "address": "720 South Street", "building_name": "MC Products", "quadrant": "Southwest", "original_owner": "Emerson-Brantingham Company", "current_owner": "MC Products", "current_tenants": "MC Products", "original_industry": "Offices and showroom", "later_industries": "Chemical", "building_sqft": "47,804", "year_built": "1899", "year_built_additions": null, "architect": "Bradley & Carpenter", "contractor": null, "historic_status": "Undetermined", "historic_criteria": "A&C", "resource_status": "Contributing", "land_sqft": "48,880", "stories": "2", "style": "Industrial and office", "structural_system": "Masonry/Heavy timber", "notes": null, "tif_district": "West State and Kilburn", "oz": "N", "rerz": "Y", "tif": "N", "id": "720-south-street"}}, {"type": "Feature", "geometry": {"type": "MultiPolygon", "coordinates": [[[[-89.0683624478837, 42.29797774820136], [-89.06848496580116, 42.29797656171184], [-89.06903932786925, 42.29797119502436], [-89.0690984792965, 42.29797063614346], [-89.06965284132289, 42.297965266488454], [-89.06989721188324, 42.29796288425671], [-89.07045153642159, 42.29795753782151], [-89.07051065135734, 42.297956950421906], [-89.07106501328713, 42.29795157393632], [-89.0713093463715, 42.29794921577706], [-89.07186370824657, 42.29794383542825], [-89.07192282269638, 42.29794327473681], [-89.0724771845293, 42.29793789142063], [-89.07272151757122, 42.29793553025084], [-89.07327587934914, 42.29793014307144], [-89.07333503122099, 42.29792955456746], [-89.07388939248195, 42.29792419185711], [-89.07413479772197, 42.297921810451825], [-89.07468915940214, 42.297916416436486], [-89.07474831126326, 42.297915827203084], [-89.07530267195303, 42.29791048509343], [-89.0753043326698, 42.29804762408992], [-89.07530588156702, 42.29818481690117], [-89.07530750438013, 42.298322010412726], [-89.07530912719407, 42.29845920392112], [-89.07531075000882, 42.29859639742635], [-89.07531233586644, 42.298733590576646], [-89.0753139961146, 42.29887075699066], [-89.07531558197368, 42.2990079501346], [-89.0753172047916, 42.29914514362712], [-89.07531882761035, 42.299282337116466], [-89.07532106828613, 42.299471509918845], [-89.0747667379485, 42.29947858116647], [-89.07470758177953, 42.29947933501184], [-89.07415325089237, 42.29948643072842], [-89.07390778933163, 42.29948957997423], [-89.07335345834579, 42.29949667182198], [-89.07329433911671, 42.299497425290184], [-89.07274000853036, 42.299504486733916], [-89.07249561916035, 42.29950761574333], [-89.07194128800107, 42.29951470075998], [-89.07188213179518, 42.29951545314678], [-89.07132783751901, 42.29952253554882], [-89.07108344902382, 42.29952560667349], [-89.07052911769182, 42.29953268485903], [-89.07046999795003, 42.29953346430669], [-89.0699156665427, 42.29954053952476], [-89.06967127701998, 42.29954366251087], [-89.06911694599155, 42.299550706428725], [-89.06905782670732, 42.29955145771133], [-89.06850349512777, 42.29955852609825], [-89.06837867509496, 42.299560129608416], [-89.0683624478837, 42.29797774820136]]]]}, "properties": {"pin": "11-12-352-001", "house_number": "707", "street_prefix": null, "street_name": "FULTON", "street_suffix": "AVE", "street_postdir": null, "city": "ROCKFORD", "owner_name": "INGERSOLL REAL ESTATE", "owner_address": "707 FULTON AVE", "owner_city": "ROCKFORD", "owner_state": "IL", "owner_zip": "61103", "address": "707 Fulton Avenue", "building_name": "Ingersoll", "quadrant": "Northwest", "original_owner": "Ingersoll", "current_owner": "Ingersoll", "current_tenants": "Ingersoll", "original_industry": "Large Machine tool", "later_industries": null, "building_sqft": "618,631", "year_built": "1906", "year_built_additions": "1920", "architect": "W.W. Crefore", "contractor": null, "historic_status": "Undetermined", "historic_criteria": "A&C", "resource_status": "Contributing", "land_sqft": "1,081,977", "stories": "3", "style": "Industrial", "structural_system": "Steel frame, concrete, sawtooth", "notes": null, "tif_district": null, "oz": "N", "rerz": "Y", "tif": "N", "id": "707-fulton-avenue"}}, {"type": "Feature", "geometry": {"type": "MultiPolygon", "coordinates": [[[[-89.06747952308918, 42.250178423719646], [-89.06760656270367, 42.2501773910729], [-89.0678102543714, 42.25017574813724], [-89.06801394603619, 42.250174104839644], [-89.06821763769803, 42.25017246118013], [-89.06842132935692, 42.25017081715866], [-89.06841789121574, 42.25060743046725], [-89.06821430798868, 42.25060913040078], [-89.0682140059821, 42.250647819763024], [-89.06821063922345, 42.251084488593605], [-89.0680072386379, 42.25108621734681], [-89.06780376371249, 42.251087972468156], [-89.06760032571346, 42.25108972758224], [-89.06747339410478, 42.25109081613593], [-89.06747952308918, 42.250178423719646]]]]}, "properties": {"pin": "11-36-131-006", "house_number": "1820", "street_prefix": null, "street_name": "16TH", "street_suffix": "AVE", "street_postdir": null, "city": "ROCKFORD", "owner_name": "SERRANO", "owner_address": "1621 S 5TH ST", "owner_city": "ROCKFORD", "owner_state": "IL", "owner_zip": "61104", "address": "1820 16th Ave", "building_name": "Colonial Desk Co.", "quadrant": "Southeast", "original_owner": "Colonial Desk Co.", "current_owner": null, "current_tenants": null, "original_industry": "Furniture", "later_industries": null, "building_sqft": "43,802", "year_built": "1923", "year_built_additions": null, "architect": null, "contractor": null, "historic_status": null, "historic_criteria": "A&C", "resource_status": "Contributing", "land_sqft": "75,172", "stories": "2", "style": "Industrial", "structural_system": "Heavy Timber wood framing Masonry exterior", "notes": null, "tif_district": null, "oz": "N", "rerz": "N", "tif": "Y", "id": "1820-16th-ave"}}, {"type": "Feature", "geometry": {"type": "MultiPolygon", "coordinates": [[[[-89.0870170482959, 42.24407296069107], [-89.08930885114886, 42.24405454770984], [-89.08930778145906, 42.24438072114911], [-89.08700296284852, 42.244398678827174], [-89.08700638926773, 42.24431307174027], [-89.08699913257038, 42.244302213825016], [-89.08698814179205, 42.24428576559547], [-89.08698857111315, 42.24423148547842], [-89.08700069486542, 42.24421397882831], [-89.0870072478198, 42.244204514935284], [-89.08701680035088, 42.24409602968252], [-89.0870170482959, 42.24407296069107]]]]}, "properties": {"pin": "11-35-326-021", "house_number": "2135", "street_prefix": null, "street_name": "KISHWAUKEE", "street_suffix": "ST", "street_postdir": null, "city": "ROCKFORD", "owner_name": "REG ELLEN MACH TOOL CORP", "owner_address": "2135 KISHWAUKEE ST", "owner_city": "ROCKFORD", "owner_state": "IL", "owner_zip": "61104", "address": "2135 Kishwaukee Street", "building_name": "Reg-Ellen Machine", "quadrant": "Southeast", "original_owner": "Phenolic Products Corp.", "current_owner": "Reg-Ellen Machine Tool Corp", "current_tenants": null, "original_industry": "Machine Tool/woodworking equip", "later_industries": null, "building_sqft": "40,028", "year_built": "1918,1942 add.", "year_built_additions": null, "architect": null, "contractor": null, "historic_status": "Undetermined", "historic_criteria": "A&C", "resource_status": "Contributing", "land_sqft": "79,760", "stories": "2", "style": "Industrial daylighting", "structural_system": "Steel frame, Clearstory", "notes": null, "tif_district": null, "oz": "Y", "rerz": "N", "tif": "N", "id": "2135-kishwaukee-street"}}, {"type": "Feature", "geometry": {"type": "MultiPolygon", "coordinates": [[[[-89.06897440993328, 42.24735873890598], [-89.06898212108788, 42.246447486028075], [-89.06910401509151, 42.24644670431037], [-89.06930672962085, 42.246479433332404], [-89.06944429957022, 42.24649477210395], [-89.06944218703765, 42.24674026951875], [-89.06944059964773, 42.24692136713746], [-89.06943994259004, 42.24699550733458], [-89.06945652834331, 42.24699536415971], [-89.06945536943348, 42.247132559737885], [-89.06943874719204, 42.24713267512211], [-89.06943681528558, 42.24735495887177], [-89.06929921662189, 42.24735608461385], [-89.06909627256913, 42.24735773736939], [-89.06897440993328, 42.24735873890598]]]]}, "properties": {"pin": "11-36-181-004", "house_number": "1919", "street_prefix": null, "street_name": "13TH", "street_suffix": "ST", "street_postdir": null, "city": "ROCKFORD", "owner_name": "RENAISSANCE PARTNERS HOLDINGS LLC", "owner_address": "2136 12TH ST", "owner_city": "ROCKFORD", "owner_state": "IL", "owner_zip": "61104", "address": "1919 13th Street", "building_name": "Office Works", "quadrant": "Southeast", "original_owner": "Landstrom Furniture Co.", "current_owner": "Renaissance Partners Holdings LLC", "current_tenants": "Mark Blazer", "original_industry": "Furniture Manufacturing", "later_industries": null, "building_sqft": "108,385", "year_built": "1930", "year_built_additions": null, "architect": null, "contractor": null, "historic_status": null, "historic_criteria": "A&C", "resource_status": "Contributing", "land_sqft": "39,331", "stories": "4", "style": "Mill / Daylighting", "structural_system": "Heavy Timber wood framing Masonry exterior", "notes": null, "tif_district": null, "oz": "N", "rerz": "N", "tif": "N", "id": "1919-13th-street"}}, {"type": "Feature", "geometry": {"type": "MultiPolygon", "coordinates": [[[[-89.08246919970055, 42.25565326232367], [-89.08304858845193, 42.255650945032805], [-89.08308113383869, 42.25565081348483], [-89.08308328613879, 42.255479792161246], [-89.08311184175746, 42.25547967778928], [-89.0836913032986, 42.25547733049355], [-89.0836907402446, 42.25551887131491], [-89.0836890418429, 42.25564835080118], [-89.08368701667091, 42.255803402495395], [-89.08368678036538, 42.255819371103584], [-89.08348219805075, 42.25582021055645], [-89.08331230426589, 42.255820883394215], [-89.08310735262545, 42.25582171868931], [-89.08307591560995, 42.25582183327586], [-89.08304636217667, 42.25582196565162], [-89.08260915932271, 42.25582373360958], [-89.082608706652, 42.25585663145439], [-89.08246648124194, 42.25585723528109], [-89.08246693445659, 42.25582431000084], [-89.08246919970055, 42.25565326232367]]]]}, "properties": {"pin": "11-26-453-010", "house_number": "1115", "street_prefix": "S", "street_name": "6TH", "street_suffix": "ST", "street_postdir": null, "city": "ROCKFORD", "owner_name": "MARTINEZ", "owner_address": "7388 FAUST LN", "owner_city": "ROCKFORD", "owner_state": "IL", "owner_zip": "61109", "address": "1115 S. 6th Street", "building_name": null, "quadrant": null, "original_owner": "Stonefield Evans Shoe Co.", "current_owner": null, "current_tenants": null, "original_industry": null, "later_industries": null, "building_sqft": null, "year_built": "1895", "year_built_additions": null, "architect": null, "contractor": null, "historic_status": null, "historic_criteria": null, "resource_status": null, "land_sqft": null, "stories": null, "style": null, "structural_system": null, "notes": null, "tif_district": null, "oz": "N", "rerz": "Y", "tif": "Y", "id": "1115-s-6th-street"}}, {"type": "Feature", "geometry": {"type": "MultiPolygon", "coordinates": [[[[-89.08694398616744, 42.24714044794265], [-89.08694548013855, 42.24693861202141], [-89.0869590067283, 42.24674277897481], [-89.08770254411999, 42.246738692009075], [-89.0880718375481, 42.246736214390914], [-89.08807371439147, 42.2465093881081], [-89.08930202285197, 42.24650038678017], [-89.08930253295779, 42.2462946088595], [-89.08930389300045, 42.24574587684761], [-89.0893052158345, 42.245212346948385], [-89.08941947305793, 42.2452116056633], [-89.08941952191981, 42.24522026558625], [-89.08943359661743, 42.24767005999769], [-89.08929915963564, 42.24767107307585], [-89.0893005159463, 42.24712502011839], [-89.08694398616744, 42.24714044794265]]]]}, "properties": {"pin": "11-35-178-016", "house_number": "1925", "street_prefix": null, "street_name": "KISHWAUKEE", "street_suffix": "ST", "street_postdir": null, "city": "ROCKFORD", "owner_name": "AZZ GALVANIZING ROCKFORD LLC", "owner_address": "2424 RIDGE RD", "owner_city": "ROCKWALL", "owner_state": "TX", "owner_zip": "75087", "address": "1925 Kishwaukee Street", "building_name": "Rogers Heat Treating / AZZ Galvanizing", "quadrant": "Southeast", "original_owner": "National Mirror & Glass", "current_owner": "AZZ Galvanizing Rockford LLC", "current_tenants": "AZZ Galvanizing", "original_industry": "National Mirror & Glass", "later_industries": null, "building_sqft": "54,247", "year_built": "1920", "year_built_additions": null, "architect": null, "contractor": null, "historic_status": null, "historic_criteria": "A", "resource_status": "Contributing", "land_sqft": "149,893", "stories": "2", "style": "Indusrial", "structural_system": "Heavy Timber/wood frame, Steel Frame", "notes": null, "tif_district": null, "oz": "Y", "rerz": "N", "tif": "N", "id": "1925-kishwaukee-street"}}, {"type": "Feature", "geometry": {"type": "MultiPolygon", "coordinates": [[[[-89.08762910737514, 42.25321621787239], [-89.08930093973389, 42.253133359625465], [-89.08920274460897, 42.253247510790814], [-89.08908211533351, 42.25334910340283], [-89.08894191430448, 42.253435726701404], [-89.08878546839243, 42.25350532513503], [-89.08861648999479, 42.25355624714311], [-89.08816801189903, 42.25353983622074], [-89.08816280189765, 42.2535398060908], [-89.08762642616414, 42.25355482367949], [-89.08762910737514, 42.25321621787239]]]]}, "properties": {"pin": "11-26-381-001", "house_number": "620", "street_prefix": null, "street_name": "BUCKBEE", "street_suffix": "ST", "street_postdir": null, "city": "ROCKFORD", "owner_name": "PINNACLE HOLDINGS INTERNATIONAL", "owner_address": "21 POLO DR", "owner_city": "SOUTH BARRINGTON", "owner_state": "IL", "owner_zip": "60010", "address": "620 Buckbee Street", "building_name": "Buckbee\u00a0Seed Building", "quadrant": "Southeast", "original_owner": "Buckbee Seed Company", "current_owner": "Tax Trustee", "current_tenants": "Vacant", "original_industry": "Seed company/growing & distribution", "later_industries": null, "building_sqft": "51,900", "year_built": "1897", "year_built_additions": null, "architect": null, "contractor": null, "historic_status": null, "historic_criteria": "A&C", "resource_status": "Contributing", "land_sqft": "51,499", "stories": "4", "style": "Romanesque Mill", "structural_system": "Heavy timber/wood frame", "notes": null, "tif_district": "Broadway", "oz": "Y", "rerz": "Y", "tif": "Y", "id": "620-buckbee-street"}}, {"type": "Feature", "geometry": {"type": "MultiPolygon", "coordinates": [[[[-89.06755638099736, 42.24527616846327], [-89.0675511224805, 42.245231237755945], [-89.06754869419574, 42.24519041435659], [-89.0675326084083, 42.24519050545038], [-89.06753671916465, 42.24440575505576], [-89.06753867034429, 42.24437632919363], [-89.0675493858388, 42.244197322234314], [-89.06762569193604, 42.24363111529469], [-89.0676646954515, 42.2433239337628], [-89.0676830186282, 42.243015688685965], [-89.06768620811438, 42.24253615419245], [-89.06773352403535, 42.242505955594886], [-89.06773396220551, 42.242442405620324], [-89.06773748609714, 42.24191378169784], [-89.06980191428049, 42.24190127342074], [-89.06997912699906, 42.24190019656756], [-89.07015633971736, 42.241899119440426], [-89.0703335524354, 42.24189804203938], [-89.07051076515319, 42.24189696436444], [-89.0706879778707, 42.24189588641556], [-89.07086519106275, 42.241894780755935], [-89.07104240330493, 42.241893729696045], [-89.07104004505835, 42.2421901012728], [-89.07103772368555, 42.242486473186894], [-89.07086050930941, 42.242487551656964], [-89.07068325800792, 42.24248862950026], [-89.07050608055629, 42.24248970777537], [-89.0703543515906, 42.242490617426114], [-89.07033312279509, 42.245173464938915], [-89.07033304781343, 42.24518419378708], [-89.07033292972886, 42.24519527896067], [-89.07032954580414, 42.24562744774176], [-89.07032783894509, 42.24581559669427], [-89.07044973127032, 42.24581484096855], [-89.07044410866531, 42.24643819954977], [-89.07032225159197, 42.246438983045294], [-89.07011920586397, 42.246440279908526], [-89.06991616061052, 42.24644154897536], [-89.06971315228385, 42.24644281803579], [-89.069510069151, 42.24644414090377], [-89.0693074104114, 42.24640246689936], [-89.06910487767027, 42.24634395333787], [-89.06906340599794, 42.24632971056864], [-89.06896478141172, 42.24629248232599], [-89.06891210358046, 42.24627060817115], [-89.06887008180941, 42.24625894126723], [-89.06886188281864, 42.24625666576214], [-89.06880839075168, 42.246241815607966], [-89.06879835855464, 42.24623903032046], [-89.06880299383918, 42.24622038542818], [-89.0687676731663, 42.24620259804385], [-89.0687661996335, 42.24620184645159], [-89.0687637651179, 42.24620060372117], [-89.06873406287055, 42.24618495050885], [-89.06865927313984, 42.24614301074174], [-89.06862991535193, 42.24612546734806], [-89.0685075937198, 42.246105025454725], [-89.06845617302001, 42.24609107309323], [-89.06825319542557, 42.24602078314959], [-89.06810571141358, 42.24595216324369], [-89.06788788042375, 42.24583107537951], [-89.06776253443985, 42.24570835132197], [-89.06766405883205, 42.24557277365211], [-89.06759479263464, 42.24542756291608], [-89.06755638099736, 42.24527616846327]]]]}, "properties": {"pin": "11-36-330-013", "house_number": "2136", "street_prefix": null, "street_name": "12TH", "street_suffix": "ST", "street_postdir": null, "city": "ROCKFORD", "owner_name": "TUNEBERG", "owner_address": "CLEVELAND BELDEN & ASSOCIATES TRUST", "owner_city": "ROCKFORD", "owner_state": "IL", "owner_zip": "61114", "address": "2136 12th Street", "building_name": "Greenlee Bros. Building", "quadrant": "Southeast", "original_owner": "Greenlee Bros. & Co.", "current_owner": "James E Tuneberg, Trustee", "current_tenants": "Buss Machine Works", "original_industry": "die casting machinery", "later_industries": "metal working, wood working, foundry and die", "building_sqft": "636,300", "year_built": "1905", "year_built_additions": null, "architect": null, "contractor": null, "historic_status": null, "historic_criteria": "A&C", "resource_status": "Contributing", "land_sqft": "1,201,411", "stories": "3", "style": "Industrial Sawtooth", "structural_system": "Steel Truss", "notes": "Sawtooth roofs", "tif_district": null, "oz": "N", "rerz": "N", "tif": "N", "id": "2136-12th-street-2"}}, {"type": "Feature", "geometry": {"type": "MultiPolygon", "coordinates": [[[[-89.07550512739684, 42.246871740178996], [-89.07550599439998, 42.246808578464275], [-89.07622857318752, 42.24680167553433], [-89.07630699913058, 42.24686509720991], [-89.07631031324104, 42.24686781796983], [-89.07632044021248, 42.24687598200436], [-89.07651148877851, 42.24687439547376], [-89.07671280607234, 42.24687274156989], [-89.07691412336303, 42.246871087312456], [-89.07691099526184, 42.24715285785498], [-89.07680083868351, 42.24716419398193], [-89.07670930203214, 42.24717361456449], [-89.07650772769516, 42.247183035345856], [-89.07630621337242, 42.247192452913126], [-89.07610469668913, 42.24720187010365], [-89.07590321460266, 42.24721128555377], [-89.07570169538806, 42.24722070887194], [-89.07550021094762, 42.24723012016104], [-89.07550512739684, 42.246871740178996]]]]}, "properties": {"pin": "11-36-154-005", "house_number": "1961", "street_prefix": null, "street_name": "10TH", "street_suffix": "ST", "street_postdir": null, "city": "ROCKFORD", "owner_name": "FORGE PROPERTY HOLDINGS LLC", "owner_address": "PO BOX 369", "owner_city": "DEKALB", "owner_state": "IL", "owner_zip": "60115", "address": "1920 9th Street", "building_name": "Rockford Drop Forge", "quadrant": "Southeast", "original_owner": "Mechanics Universal Joint", "current_owner": "Rockford Drop Forge & Machine Company", "current_tenants": null, "original_industry": "Machine tool/universal joint", "later_industries": "Drop Forge", "building_sqft": "45,936", "year_built": "orig. demolished", "year_built_additions": "1928?  Rear add. Remains", "architect": "Ross P. Beckstrom Co.", "contractor": null, "historic_status": null, "historic_criteria": "A", "resource_status": "Contributing", "land_sqft": "50,094", "stories": "3", "style": "Warehouse", "structural_system": "reinforced concrete", "notes": ", brick infill", "tif_district": null, "oz": "N", "rerz": "N", "tif": "N", "id": "1920-9th-street"}}, {"type": "Feature", "geometry": {"type": "MultiPolygon", "coordinates": [[[[-89.06951208727844, 42.24061353202571], [-89.06940299802969, 42.240579792321576], [-89.06928900580529, 42.24055667420056], [-89.06917197506078, 42.24054455578089], [-89.06966456704498, 42.24054131055822], [-89.06966399825505, 42.24061251545552], [-89.06976368403403, 42.24061184988154], [-89.06996556641984, 42.24061054248348], [-89.0701674488048, 42.240609234729895], [-89.07036929473996, 42.24060789883105], [-89.07061302383795, 42.24060630426399], [-89.07079625487316, 42.24060509156664], [-89.07097948590753, 42.24060387857645], [-89.07116271646639, 42.24060269273025], [-89.07134598442306, 42.24060147950702], [-89.07152921545493, 42.24060026563824], [-89.07171244601152, 42.24059907891345], [-89.07189567704172, 42.24059786445899], [-89.07207894499504, 42.240596650064084], [-89.07207583976644, 42.240989937504786], [-89.07189257067468, 42.24099115188143], [-89.0717093389807, 42.24099233888079], [-89.07152610681146, 42.24099355302415], [-89.07134287464137, 42.24099476687464], [-89.0711596429451, 42.24099595299547], [-89.07097637384919, 42.24099716590753], [-89.07079314215143, 42.2409983514426], [-89.07060990997807, 42.24099956412165], [-89.07051805388389, 42.241000168057425], [-89.07036629802319, 42.24098790562078], [-89.07026421856507, 42.24097058260628], [-89.0701647901369, 42.240946189246834], [-89.07006155666414, 42.24091223619546], [-89.06996349870636, 42.24087066683067], [-89.0698582262096, 42.24081386401155], [-89.0697626128784, 42.24074830553463], [-89.06966749589465, 42.24068556476975], [-89.069561677135, 42.24063313304533], [-89.06951208727844, 42.24061353202571]]]]}, "properties": {"pin": "11-36-376-007", "house_number": null, "street_prefix": null, "street_name": "11TH", "street_suffix": "ST", "street_postdir": null, "city": "ROCKFORD", "owner_name": "ANNA & MEGAN PROPERTIES LLC", "owner_address": "2400 11TH STREET", "owner_city": "ROCKFORD", "owner_state": "IL", "owner_zip": "61104", "address": "2400 11th Street", "building_name": "Kishwaukee Distributers", "quadrant": "Southeast", "original_owner": "Rockford World Furniture Co.", "current_owner": "Anna & Megan Properties LLC", "current_tenants": "A & M Auto Repair/Absolute Grinding & Mfg", "original_industry": "Rockford World Furn. Co.", "later_industries": "Auto Repair/stor.", "building_sqft": "58,572", "year_built": "1915", "year_built_additions": null, "architect": null, "contractor": null, "historic_status": null, "historic_criteria": "A&C", "resource_status": "Contributing", "land_sqft": "86,981", "stories": "4", "style": "Mill", "structural_system": "Heavy timber, wood framing, brick veneer", "notes": null, "tif_district": null, "oz": "N", "rerz": "N", "tif": "N", "id": "2400-11th-street"}}, {"type": "Feature", "geometry": {"type": "MultiPolygon", "coordinates": [[[[-89.08488387287981, 42.240411187234066], [-89.08672302897692, 42.24039779953128], [-89.08671834185027, 42.241001781286776], [-89.08487918607442, 42.24101479842163], [-89.08488311307636, 42.24050173661295], [-89.08488387287981, 42.240411187234066]]]]}, "properties": {"pin": "11-35-451-011", "house_number": "725", "street_prefix": null, "street_name": "23RD", "street_suffix": "AVE", "street_postdir": null, "city": "ROCKFORD", "owner_name": "GOTHI CORPORATION", "owner_address": "1334 HUNTERS RIDGE EAST", "owner_city": "HOFFMAN ESTATE", "owner_state": "IL", "owner_zip": "60192", "address": "725 23rd Avenue", "building_name": "Rockford National Furniture Co.", "quadrant": "Southeast", "original_owner": "Rockford National Furniture Co.", "current_owner": "Gothi Corporation", "current_tenants": null, "original_industry": "Furniture mfg", "later_industries": null, "building_sqft": "107,962", "year_built": "1907", "year_built_additions": "1923", "architect": null, "contractor": null, "historic_status": null, "historic_criteria": "A&C", "resource_status": "Contributing", "land_sqft": "109,591", "stories": "4", "style": "Mill", "structural_system": "Heavy timber/wood frame", "notes": null, "tif_district": "Kishwaukee/Harrison #1", "oz": "N", "rerz": "N", "tif": "Y", "id": "725-23rd-avenue"}}, {"type": "Feature", "geometry": {"type": "MultiPolygon", "coordinates": [[[[-89.11605655750085, 42.26806458563027], [-89.11655611348036, 42.26799571286173], [-89.116704359775, 42.26859884543601], [-89.11605650108048, 42.268686874340005], [-89.11602518983628, 42.26869112901229], [-89.1154324371832, 42.268771665248316], [-89.1154296077266, 42.26876017571942], [-89.11540139120234, 42.26864558985536], [-89.1154057298117, 42.26864491272446], [-89.11540060523161, 42.26862410299355], [-89.11540587499945, 42.26862339152167], [-89.11529530905256, 42.26816953856405], [-89.11605655750085, 42.26806458563027]]]]}, "properties": {"pin": "11-21-476-006", "house_number": "500", "street_prefix": "S", "street_name": "INDEPENDENCE", "street_suffix": "AVE", "street_postdir": null, "city": "ROCKFORD", "owner_name": "CITY OF ROCKFORD", "owner_address": "425 E STATE STREET", "owner_city": "ROCKFORD", "owner_state": "IL", "owner_zip": "61104", "address": "500 S. Independence\u00a0Street", "building_name": "South Bldg", "quadrant": "Southwest", "original_owner": "Emerson-Brantingham Company", "current_owner": "City of Rockford", "current_tenants": "City of Rockford", "original_industry": "Farm implements", "later_industries": null, "building_sqft": null, "year_built": "ca1920's", "year_built_additions": null, "architect": null, "contractor": null, "historic_status": null, "historic_criteria": null, "resource_status": "Contributing", "land_sqft": null, "stories": null, "style": "warehouse", "structural_system": "Reinforced Concrete", "notes": null, "tif_district": "Preston and Central", "oz": "Y", "rerz": "N", "tif": "Y", "id": "500-s-independence-street-2"}}, {"type": "Feature", "geometry": {"type": "MultiPolygon", "coordinates": [[[[-89.10955425904937, 42.27109896764995], [-89.10954132433345, 42.271236219345504], [-89.10915175206975, 42.27121588833045], [-89.10896787468536, 42.27120628944301], [-89.1089808106369, 42.27106903782528], [-89.10899367218326, 42.27093181295783], [-89.10900664541143, 42.27079453423315], [-89.1090195442346, 42.270657282258725], [-89.10903247993765, 42.27052003061969], [-89.10904909986125, 42.270343626834716], [-89.1096260100477, 42.270338463404165], [-89.10960603423352, 42.27054996115491], [-89.10959309976624, 42.270687212871806], [-89.10958016523685, 42.27082446458334], [-89.10956719370316, 42.270961715949035], [-89.10955425904937, 42.27109896764995]]]]}, "properties": {"pin": "11-22-332-010", "house_number": "1229", "street_prefix": null, "street_name": "CEDAR", "street_suffix": "ST", "street_postdir": null, "city": "ROCKFORD", "owner_name": "CITY OF ROCKFORD", "owner_address": "425 E STATE ST", "owner_city": "ROCKFORD", "owner_state": "IL", "owner_zip": "61104", "address": "1229 Cedar Street", "building_name": "Water Department Stanley Pumping Station", "quadrant": "Southwest", "original_owner": "City of Rockford", "current_owner": "City of Rockford", "current_tenants": "City of Rockford", "original_industry": "Water Dept Pumping Station", "later_industries": null, "building_sqft": null, "year_built": "1922", "year_built_additions": null, "architect": null, "contractor": "Security Bldg", "historic_status": null, "historic_criteria": "A&C", "resource_status": "Contributing", "land_sqft": null, "stories": "5", "style": "Industrial", "structural_system": "Conc. Steel frame, Mas.", "notes": null, "tif_district": "Preston and Central", "oz": "Y", "rerz": "N", "tif": "Y", "id": "1229-cedar-street"}}, {"type": "Feature", "geometry": {"type": "MultiPolygon", "coordinates": [[[[-89.09464545839298, 42.24669840034128], [-89.0946478846136, 42.24637066515628], [-89.09379896511335, 42.246373763366144], [-89.09283549219434, 42.24638105835723], [-89.0927591802371, 42.2463814963416], [-89.09274973185298, 42.245750078254595], [-89.09263688081936, 42.245751010964014], [-89.09262857224932, 42.245190721197964], [-89.09565107736219, 42.245170992202524], [-89.0954167497487, 42.24601729060286], [-89.09540127247274, 42.24669080225038], [-89.09464545839298, 42.24669840034128]]]]}, "properties": {"pin": "11-35-153-007", "house_number": "340", "street_prefix": null, "street_name": "BLACKHAWK PARK", "street_suffix": "AVE", "street_postdir": null, "city": "ROCKFORD", "owner_name": "SHANAHOWE TRANSPORATON INC &", "owner_address": "530 BLACKHAW PARK AVE", "owner_city": "ROCKFORD", "owner_state": "IL", "owner_zip": "61104", "address": "340 Blackhawk Park Avenue", "building_name": "Dasco Pro Inc.", "quadrant": "Southeast", "original_owner": "Roper Industries", "current_owner": "William Howe", "current_tenants": "Dasco", "original_industry": "Roper Ranges", "later_industries": null, "building_sqft": "202,350", "year_built": "1929", "year_built_additions": null, "architect": null, "contractor": null, "historic_status": null, "historic_criteria": "A&C", "resource_status": "Contributing", "land_sqft": "350,610", "stories": "2", "style": "Industrial Daylighting", "structural_system": "Steel Frame , Linear skylights", "notes": null, "tif_district": null, "oz": "Y", "rerz": "N", "tif": "N", "id": "340-blackhawk-park-avenue"}}, {"type": "Feature", "geometry": {"type": "MultiPolygon", "coordinates": [[[[-89.07044973127032, 42.24581484096855], [-89.07057158714338, 42.24581405732348], [-89.07076007736029, 42.24581286753885], [-89.07094856757665, 42.245811677444344], [-89.0711370582672, 42.24581045960312], [-89.07132554848233, 42.2458092688888], [-89.0715140017699, 42.24580807751197], [-89.07170249198388, 42.24580688617791], [-89.07189098267173, 42.24580566709714], [-89.07203921153858, 42.24580472202279], [-89.07203666507573, 42.24624252430168], [-89.07203643791354, 42.24628129674571], [-89.07203559818964, 42.246428127334404], [-89.07188710937139, 42.246429069919486], [-89.07169835928468, 42.24643023163062], [-89.07150964517575, 42.24643144825722], [-89.07132093201548, 42.246432609699575], [-89.07113218097791, 42.24643382535216], [-89.07094346734185, 42.24643501361], [-89.07075471630296, 42.246436228641144], [-89.07056596573835, 42.246437415924724], [-89.07044410866531, 42.24643819954977], [-89.07044973127032, 42.24581484096855]]]]}, "properties": {"pin": "11-36-183-001", "house_number": "1936", "street_prefix": null, "street_name": "11TH", "street_suffix": "ST", "street_postdir": null, "city": "ROCKFORD", "owner_name": "RODNEY SAVAGE LLC", "owner_address": "104 W DIVISION ST", "owner_city": "HOLCOMB", "owner_state": "IL", "owner_zip": "61043", "address": "1936 20thAve. @ 11th St.", "building_name": "Rockford Peerless Furniture", "quadrant": "Southeast", "original_owner": "Rockford Peerless Furniture", "current_owner": null, "current_tenants": null, "original_industry": null, "later_industries": null, "building_sqft": "66,712", "year_built": "1926", "year_built_additions": null, "architect": null, "contractor": "Security Bldg.", "historic_status": null, "historic_criteria": "A&C", "resource_status": "Contributing", "land_sqft": "97,835", "stories": "3", "style": "Mill", "structural_system": "Heavy Timber wood framing Masonry exterior", "notes": null, "tif_district": null, "oz": "N", "rerz": "N", "tif": "N", "id": "1936-20thave-11th-st"}}, {"type": "Feature", "geometry": {"type": "MultiPolygon", "coordinates": [[[[-89.09098558882418, 42.245201419606225], [-89.09262857224932, 42.245190721197964], [-89.09263688081936, 42.245751010964014], [-89.09274973185298, 42.245750078254595], [-89.0927591802371, 42.2463814963416], [-89.09283549219434, 42.24638105835723], [-89.09283609610816, 42.2464218024213], [-89.09248157686575, 42.246424485222356], [-89.09127740680536, 42.2464335891737], [-89.09114910194405, 42.246469701024985], [-89.0910301308508, 42.246520476928616], [-89.09092350596362, 42.24658463120987], [-89.09092285171629, 42.24658509672135], [-89.09092782327046, 42.246379858008225], [-89.09069725075166, 42.24638076503577], [-89.09069192041129, 42.24576509048795], [-89.09099086561021, 42.245762540282335], [-89.0909856584044, 42.2452087368117], [-89.09098558882418, 42.245201419606225]]]]}, "properties": {"pin": "11-35-153-008", "house_number": "440", "street_prefix": null, "street_name": "BLACKHAWK PARK", "street_suffix": "AVE", "street_postdir": null, "city": "ROCKFORD", "owner_name": "DDRR LLC", "owner_address": "340 BLACKHAWK PARK AVE", "owner_city": "ROCKFORD", "owner_state": "IL", "owner_zip": "61104", "address": "440 Blackhawk Park Avenue", "building_name": "Fiberglass Innovations", "quadrant": "Southeast", "original_owner": "Roper Industries", "current_owner": "DORR LLC", "current_tenants": "Fiberglass Innovations", "original_industry": "Roper Ranges", "later_industries": null, "building_sqft": "117,545", "year_built": "1929", "year_built_additions": null, "architect": null, "contractor": null, "historic_status": null, "historic_criteria": "A&C", "resource_status": "Contributing", "land_sqft": "228,925", "stories": "2", "style": "Industrial Daylighting", "structural_system": "Steel Frame , Linear skylights", "notes": null, "tif_district": null, "oz": "Y", "rerz": "N", "tif": "N", "id": "440-blackhawk-park-avenue"}}, {"type": "Feature", "geometry": {"type": "MultiPolygon", "coordinates": [[[[-89.07493563243621, 42.256177430338816], [-89.0749375665873, 42.256007218385015], [-89.07488216547655, 42.256007320407946], [-89.07488295761857, 42.25583707013711], [-89.07516917410945, 42.25583655823352], [-89.07516840602754, 42.25600679673136], [-89.0751675876221, 42.256177007304046], [-89.07493563243621, 42.256177430338816]]]]}, "properties": {"pin": "11-25-352-006", "house_number": "1102", "street_prefix": null, "street_name": "10TH", "street_suffix": "ST", "street_postdir": null, "city": "ROCKFORD", "owner_name": "BENSON ESTATES, LLC", "owner_address": "1102 10TH ST", "owner_city": "ROCKFORD", "owner_state": "IL", "owner_zip": "61104", "address": "1102 10th Street", "building_name": "Saffire Grill Co.", "quadrant": "Southeast", "original_owner": null, "current_owner": "Susan J Benson", "current_tenants": "Saffire Grill", "original_industry": "Stone cutting", "later_industries": null, "building_sqft": "11,996", "year_built": "1930", "year_built_additions": null, "architect": null, "contractor": "Linden and Sons", "historic_status": null, "historic_criteria": "A&C", "resource_status": "Contributing", "land_sqft": "15,199", "stories": "22", "style": "Commercial", "structural_system": "wood framed masonry bearing", "notes": null, "tif_district": "Midtown", "oz": "N", "rerz": "N", "tif": "Y", "id": "1102-10th-street"}}, {"type": "Feature", "geometry": {"type": "MultiPolygon", "coordinates": [[[[-89.07209537621286, 42.23850873127821], [-89.07209244445197, 42.23888199517165], [-89.06917840563392, 42.23893348665215], [-89.06918041071707, 42.238821517605395], [-89.06927644166899, 42.23877906714356], [-89.06954857803997, 42.23867847125867], [-89.06983393078511, 42.23860068315828], [-89.07012905057492, 42.2385466431346], [-89.0704303700496, 42.23851700441564], [-89.07063227314819, 42.23851104642953], [-89.07209537621286, 42.23850873127821]]]]}, "properties": {"pin": "11-36-377-006", "house_number": "2524", "street_prefix": null, "street_name": "11TH", "street_suffix": "ST", "street_postdir": null, "city": "ROCKFORD", "owner_name": "AMI LLP", "owner_address": "2524 11TH ST", "owner_city": "ROCKFORD", "owner_state": "IL", "owner_zip": "61104", "address": "2524 11th Street", "building_name": "Accurate Metals Illinois", "quadrant": "Southeast", "original_owner": null, "current_owner": "AMI", "current_tenants": null, "original_industry": "Rockwell", "later_industries": null, "building_sqft": "70,160", "year_built": "1943 ??", "year_built_additions": null, "architect": null, "contractor": null, "historic_status": null, "historic_criteria": "A&C", "resource_status": "Contributing", "land_sqft": "99,530", "stories": "3", "style": "Art Deco / Industrial Daylighting", "structural_system": "Steel frame, Reinf. Conc., clearstory", "notes": null, "tif_district": null, "oz": "N", "rerz": "N", "tif": "N", "id": "2524-11th-street"}}, {"type": "Feature", "geometry": {"type": "MultiPolygon", "coordinates": [[[[-89.10449465142703, 42.27379645012338], [-89.10458150572032, 42.27314374139699], [-89.10458768494642, 42.27309701130649], [-89.10458852516713, 42.27309098201468], [-89.10469113031847, 42.27230546615825], [-89.10469240305397, 42.27229568141931], [-89.10480826977816, 42.27140892017453], [-89.10483778084577, 42.27118283054289], [-89.10519985092806, 42.270373729261074], [-89.10618883431357, 42.270368719459114], [-89.10619063621913, 42.27138743783486], [-89.10619101133354, 42.2716008793636], [-89.10606706027644, 42.27160247718252], [-89.10606839831493, 42.271875255592334], [-89.10619150942586, 42.27187310118067], [-89.10619221965659, 42.27228253119144], [-89.10619309030474, 42.272766136346675], [-89.10619361877362, 42.273080617908334], [-89.10619490402688, 42.273806148822544], [-89.10602491258008, 42.27380756778804], [-89.10575440419447, 42.27380984030489], [-89.10522521308897, 42.273814273352805], [-89.10494509654531, 42.27381661967386], [-89.10468197918765, 42.27381882088317], [-89.10448334801903, 42.27382046627639], [-89.10449465142703, 42.27379645012338]]]]}, "properties": {"pin": "11-22-401-001", "house_number": "310", "street_prefix": "S", "street_name": "AVON", "street_suffix": "ST", "street_postdir": null, "city": "ROCKFORD", "owner_name": "ROCKFORD HOUSING", "owner_address": "3400 N ROCKTON AVE", "owner_city": "ROCKFORD", "owner_state": "IL", "owner_zip": "61103", "address": "901  Cedar Street", "building_name": "Com Ed Building", "quadrant": "Southwest", "original_owner": "Rockford Gas Light & Coke", "current_owner": "Avon Street Complex LLC", "current_tenants": "vacant", "original_industry": "Manufactured Gas Plant", "later_industries": "Nonprofits", "building_sqft": "27,600", "year_built": "1920", "year_built_additions": null, "architect": null, "contractor": null, "historic_status": null, "historic_criteria": "A", "resource_status": "Contributing", "land_sqft": "486,550", "stories": "2", "style": "Industrial", "structural_system": "Masonry/Steel truss", "notes": "Also were several pole-type buildings south of main building", "tif_district": "West State and Kilburn", "oz": "Y", "rerz": "Y", "tif": "Y", "id": "901-cedar-street"}}, {"type": "Feature", "geometry": {"type": "MultiPolygon", "coordinates": [[[[-89.08058654269993, 42.24044699676154], [-89.08131766004409, 42.24044184382536], [-89.08131073150194, 42.24104000018792], [-89.0805796072504, 42.241045152999824], [-89.08058654269993, 42.24044699676154]]]]}, "properties": {"pin": "11-35-476-001", "house_number": "1025", "street_prefix": null, "street_name": "23RD", "street_suffix": "AVE", "street_postdir": null, "city": "ROCKFORD", "owner_name": "FORGING + STAMPING INC", "owner_address": "1025 23RD AVE", "owner_city": "ROCKFORD", "owner_state": "IL", "owner_zip": "61104", "address": "1025 23rd Avenue", "building_name": "Mechanics Tool", "quadrant": "Southeast", "original_owner": "Mechanics Tool", "current_owner": "Forging &  Stamping Inc", "current_tenants": "J.L. Clark", "original_industry": "Stamping", "later_industries": null, "building_sqft": "32,722", "year_built": "1920", "year_built_additions": "1940", "architect": null, "contractor": null, "historic_status": null, "historic_criteria": "A", "resource_status": "Contributing", "land_sqft": "43,164", "stories": "1", "style": "Industrial", "structural_system": "Wood frame @ rear, Steel frame @ front, brick", "notes": null, "tif_district": "Kishwaukee/Harrison #1", "oz": "N", "rerz": "N", "tif": "Y", "id": "1025-23rd-avenue"}}, {"type": "Feature", "geometry": {"type": "MultiPolygon", "coordinates": [[[[-89.11605632708702, 42.270584429657525], [-89.11605197880341, 42.27057914682422], [-89.11605028796593, 42.27057709038956], [-89.1160476328579, 42.27057386229711], [-89.11604560471986, 42.27057139801352], [-89.11604545757653, 42.27057122001233], [-89.1160442231923, 42.27056976632199], [-89.11604408728007, 42.27056960728956], [-89.1160387827409, 42.27056336554118], [-89.11603804212194, 42.270562492640984], [-89.11603633660614, 42.27056048580893], [-89.11603433440965, 42.270558128097726], [-89.11603416668588, 42.270557937902424], [-89.11603180749319, 42.270555245910245], [-89.11602978597159, 42.270552939474264], [-89.11602548909133, 42.27054803785844], [-89.11602330663071, 42.27054554986458], [-89.11602296217569, 42.27054515567076], [-89.11602281252425, 42.2705449896521], [-89.11602063562334, 42.27054258403293], [-89.11601908916833, 42.27054087193641], [-89.11601598708002, 42.27053744422906], [-89.11601262876037, 42.27053373290112], [-89.11601133850895, 42.27053230613985], [-89.11600658985961, 42.27052721515572], [-89.1160060612058, 42.270526649481404], [-89.11600184121104, 42.27052212417143], [-89.11599946802724, 42.27051957954718], [-89.11599732964022, 42.27051735779387], [-89.1159970436212, 42.270517060179785], [-89.11599273740195, 42.27051258210168], [-89.1159873529256, 42.270506982773156], [-89.11598591983854, 42.27050553583703], [-89.11598240856894, 42.270501996329834], [-89.1159791153911, 42.27049867320562], [-89.11597743245851, 42.270496975293796], [-89.11597518401621, 42.27049470622461], [-89.11597499551296, 42.270494515838806], [-89.11597477280387, 42.27049429941344], [-89.11597459786901, 42.27049412630274], [-89.11597247553368, 42.27049205047778], [-89.11597219607123, 42.27049177521971], [-89.11596743797001, 42.270487114632196], [-89.11596519979105, 42.2704849228354], [-89.1159644113161, 42.270484150685945], [-89.11596392730236, 42.27048367803471], [-89.11596240035016, 42.27048218221607], [-89.11596199569432, 42.270481797760944], [-89.115959510949, 42.27047943562718], [-89.11595812424176, 42.270478116031505], [-89.11595213632836, 42.27047242198832], [-89.11595099510572, 42.270471337892545], [-89.11594956743731, 42.270469981904796], [-89.11594695650257, 42.27046757059235], [-89.11594582842126, 42.27046652949391], [-89.11594376101817, 42.27046462224943], [-89.11593835261381, 42.270459629837326], [-89.1159367605587, 42.27045816086309], [-89.11593650127823, 42.27045792180654], [-89.11593599614325, 42.2704574695426], [-89.1159331679462, 42.2704549310384], [-89.11593118383578, 42.2704531531878], [-89.11592911555057, 42.27045129910245], [-89.1159283464606, 42.27045061116921], [-89.11592602334201, 42.270448528358436], [-89.11592586408528, 42.27044838454769], [-89.11592565246512, 42.27044819566508], [-89.1159234726977, 42.27044624108357], [-89.11592320421033, 42.27044600022754], [-89.11592170186168, 42.270444691577374], [-89.11592149243648, 42.27044450957521], [-89.11591508691068, 42.27043893347426], [-89.1159141855017, 42.270438148284114], [-89.11590967614822, 42.27043422231215], [-89.11590662011578, 42.27043163712764], [-89.1159041743437, 42.27042957034336], [-89.11589898002158, 42.27042517502342], [-89.11589592399004, 42.270422589838624], [-89.11589573263716, 42.27042243201309], [-89.11589493530026, 42.27042177640734], [-89.11589312872171, 42.27042029346128], [-89.11589126521908, 42.27041876197143], [-89.11588753821414, 42.27041569899161], [-89.11588344897035, 42.27041233941396], [-89.11588194770736, 42.27041110452167], [-89.11587626843894, 42.27040657098096], [-89.115875639452, 42.27040606784461], [-89.11587249218009, 42.270403553856475], [-89.11587059148022, 42.270402037461146], [-89.1158684993707, 42.27040036666984], [-89.11586775186095, 42.27039976983315], [-89.11586699494485, 42.27039918320074], [-89.11586486786068, 42.27039753266983], [-89.1158630873093, 42.27039615115148], [-89.11585974506646, 42.2703935581979], [-89.11585373540375, 42.270388896427846], [-89.11585333873124, 42.270388587508954], [-89.11585171261963, 42.27038736176273], [-89.11584971021662, 42.27038585129542], [-89.11584748655972, 42.27038417586818], [-89.11584358665175, 42.270381234788275], [-89.11584164581943, 42.270379771192175], [-89.11583891358102, 42.27037771207198], [-89.11583871059862, 42.270377559285016], [-89.11583852808266, 42.27037742555148], [-89.11583824520147, 42.27037721714987], [-89.11583574242715, 42.270375384807615], [-89.11583541160103, 42.27037514338014], [-89.11583346096387, 42.27037371399564], [-89.11582980608489, 42.27037103585258], [-89.11582717102051, 42.270369104538396], [-89.1158238720523, 42.27036668691837], [-89.11581885573176, 42.270363114748776], [-89.11581396719849, 42.27035963464913], [-89.11581183561469, 42.2703581161371], [-89.11581049822976, 42.270357164018534], [-89.11580882534423, 42.270355973859715], [-89.11580853770307, 42.270355773989785], [-89.115805775282, 42.27035386380411], [-89.11580204717825, 42.27035128446373], [-89.11579357272628, 42.27034542355977], [-89.11495379615818, 42.26983315729633], [-89.11445023302421, 42.269525975723866], [-89.114391270121, 42.26949086041636], [-89.1143910004455, 42.26949069157914], [-89.11439064619887, 42.26949047051354], [-89.11438043940524, 42.26948409623587], [-89.1143425955324, 42.269459859634], [-89.11433616371994, 42.269455600384056], [-89.11433282677238, 42.26945338989703], [-89.11432869268604, 42.269450652425974], [-89.1143254362914, 42.26944845811364], [-89.11431489984219, 42.26944135704158], [-89.11431386783197, 42.269440651249035], [-89.11431255041275, 42.269439750748525], [-89.1143100183308, 42.26943801929357], [-89.11430843149338, 42.26943693452225], [-89.11430145172965, 42.26943216086346], [-89.1143011777793, 42.269431971405844], [-89.11429828096334, 42.26942995533057], [-89.1142956945828, 42.26942815648893], [-89.11429553251, 42.26942804352148], [-89.11429525858821, 42.26942785234904], [-89.11429468104362, 42.26942745086574], [-89.11429443907463, 42.26942728228254], [-89.11429157190308, 42.26942528877517], [-89.11429129339217, 42.26942509584552], [-89.11428810891624, 42.269422881611185], [-89.11428736260072, 42.269422353378246], [-89.11428034678512, 42.26941738729844], [-89.11428007745256, 42.26941719788316], [-89.11427682741915, 42.26941489900798], [-89.11427647365834, 42.26941464879011], [-89.11427487373933, 42.26941351759114], [-89.11424204563683, 42.26938954994556], [-89.11424067044386, 42.26938851342276], [-89.11424037622794, 42.26938829290761], [-89.1142280382871, 42.26937899199881], [-89.11422774187655, 42.26937876460317], [-89.11422630548681, 42.26937765891538], [-89.11422542309606, 42.269376981936425], [-89.1142242078385, 42.26937604807087], [-89.11422360817653, 42.26937558807153], [-89.11422262092054, 42.26937482952144], [-89.1142185601336, 42.26937171197147], [-89.1142183047685, 42.26937151582391], [-89.11421416417149, 42.26936833751357], [-89.11420898284732, 42.26936428353674], [-89.11420868424217, 42.26936404926057], [-89.11420656886588, 42.26936239366099], [-89.11420610157568, 42.269362027490686], [-89.11420546560034, 42.26936152942622], [-89.11420500740279, 42.26936117191477], [-89.1142044945066, 42.2693607710243], [-89.11420429848643, 42.26936061658327], [-89.11420042559877, 42.26935758651107], [-89.11419568081199, 42.269353804092376], [-89.11419547797951, 42.269353642728476], [-89.11419272956529, 42.26935145135933], [-89.11419007002583, 42.26934933112405], [-89.11418917897115, 42.26934861976371], [-89.11418895561602, 42.26934844277574], [-89.11418868212283, 42.26934822588079], [-89.11418760188899, 42.26934736528739], [-89.11418682020309, 42.26934674239982], [-89.11418651715164, 42.26934649779232], [-89.11418362576396, 42.26934415589889], [-89.11418020349498, 42.26934138379342], [-89.11417664908316, 42.26933850414012], [-89.11417371895968, 42.26933613101953], [-89.11417120185558, 42.26933405496802], [-89.11417090801103, 42.26933381216005], [-89.1141704182606, 42.2693334080517], [-89.11416385557129, 42.269327995057594], [-89.11416091248026, 42.26932556865017], [-89.11416074618977, 42.2693254316327], [-89.1141257970285, 42.26929557548525], [-89.11409870679341, 42.26927136375304], [-89.11409289824655, 42.26926600912907], [-89.11408795618102, 42.26926145482451], [-89.11408776061799, 42.2692612729462], [-89.11408757186727, 42.26926109799073], [-89.11408731713075, 42.269260864116895], [-89.11408452885348, 42.269258293346724], [-89.11408378542339, 42.26925759191595], [-89.114083398915, 42.269257228201674], [-89.11407405011619, 42.26924842121391], [-89.11407209485743, 42.26924658013785], [-89.11407159467699, 42.26924610904527], [-89.11407053745145, 42.26924511488576], [-89.11406942834992, 42.269244046501676], [-89.11406919653056, 42.26924382312862], [-89.11406898289648, 42.2692436170733], [-89.11406223277272, 42.269237118422744], [-89.11405903724086, 42.269234043110686], [-89.11405673492463, 42.26923182667657], [-89.1140565213477, 42.26923161719158], [-89.11405444934101, 42.26922957609439], [-89.11405417214424, 42.26922930428258], [-89.11405397219198, 42.26922910864329], [-89.1140450955689, 42.26922037459035], [-89.11404458210657, 42.26921986907413], [-89.11404384597479, 42.26921914541406], [-89.11404311893563, 42.26921843041283], [-89.11404120660715, 42.26921650740648], [-89.11403918300114, 42.26921447189853], [-89.1140339751841, 42.26920923598089], [-89.11403336424021, 42.26920862151982], [-89.11403079100184, 42.26920603385632], [-89.11402969404496, 42.26920492956665], [-89.1140269855304, 42.26920214514227], [-89.1140261319083, 42.26920126604649], [-89.11402590941016, 42.26920103761369], [-89.11402570053667, 42.26920082302658], [-89.11402012457312, 42.26919509150126], [-89.11401988166655, 42.26919484058507], [-89.11401646256141, 42.26919132415927], [-89.11399577584515, 42.269169465957575], [-89.11399539934352, 42.269169056027714], [-89.1139903756168, 42.269163581686804], [-89.11398230584598, 42.26915479157741], [-89.11382673666847, 42.268968186845484], [-89.11370761966917, 42.268767326672396], [-89.11362726949109, 42.26855611471174], [-89.11362568850141, 42.268550241482565], [-89.11362381380715, 42.2685432850563], [-89.11362375942687, 42.268543083892645], [-89.1136237050466, 42.26854288272897], [-89.1136208105809, 42.26853212832784], [-89.11362016041222, 42.2685297092407], [-89.11362009970502, 42.26852947200227], [-89.11362005854956, 42.26852930869181], [-89.11361853836395, 42.26852325079227], [-89.11361844089053, 42.26852286400431], [-89.11361692059104, 42.268516812964], [-89.11361685777486, 42.26851656370066], [-89.11361681012121, 42.268516374604324], [-89.11361674513896, 42.26851611674568], [-89.11361058071232, 42.268489560445914], [-89.11361045855918, 42.26848899163288], [-89.11360801216384, 42.26847753816323], [-89.11360739085349, 42.26847463397348], [-89.11360693239824, 42.268472350422904], [-89.1136055464307, 42.26846544307617], [-89.11360549532986, 42.268465183629914], [-89.11360439302571, 42.26845968525319], [-89.11360431673127, 42.268459274648585], [-89.11360404729204, 42.268457843513126], [-89.11360394762754, 42.26845731092326], [-89.11360387560815, 42.26845692093887], [-89.11360353851025, 42.26845511529479], [-89.11360301468017, 42.268452320050166], [-89.11360095153739, 42.26844128686394], [-89.1136008988985, 42.26844098109641], [-89.11360077900056, 42.26844027681279], [-89.11360053701011, 42.26843886136509], [-89.11360043811638, 42.26843828247515], [-89.11360035184798, 42.2684377774496], [-89.11360026766002, 42.26843728616377], [-89.11359780378159, 42.26842286030038], [-89.1135977287432, 42.2684223742438], [-89.11359751397315, 42.26842098820243], [-89.11359744939404, 42.2684205674149], [-89.11359741385537, 42.26842034412823], [-89.11359719489592, 42.268418932322156], [-89.1135971699307, 42.26841876744526], [-89.11359665286967, 42.26841542686746], [-89.11359643610486, 42.268414021941865], [-89.11359622338674, 42.26841265135504], [-89.1135955770249, 42.268408477776276], [-89.11359506210155, 42.26840514750855], [-89.11359497877001, 42.268404604778205], [-89.11359494742078, 42.268404407256185], [-89.11359485465762, 42.268403737523315], [-89.11359478874026, 42.26840325841083], [-89.11359383614347, 42.26839639620535], [-89.11359238473493, 42.26838592946736], [-89.11359002448538, 42.2683697174424], [-89.11358999593024, 42.26836949078966], [-89.11358996731799, 42.268369267566584], [-89.11358994075765, 42.268369059798054], [-89.11358927318763, 42.26836380209419], [-89.11358846677454, 42.268357452324736], [-89.11358842801707, 42.268357144969606], [-89.11358809330612, 42.268354502388526], [-89.11358799934756, 42.26835376575656], [-89.11358796249924, 42.26835348243007], [-89.11358792055145, 42.268353089291644], [-89.11358789649974, 42.26835286954061], [-89.11358676122616, 42.26834241599595], [-89.11358671907857, 42.268342034861256], [-89.11358623234528, 42.26833756603948], [-89.11358619641044, 42.26833722783883], [-89.11358617087772, 42.26833695833687], [-89.11358612804842, 42.26833647943638], [-89.1135847284704, 42.26832095711953], [-89.11358470578887, 42.268320655057245], [-89.113584619823, 42.268319438276414], [-89.1135846048352, 42.26831922889905], [-89.11358358868307, 42.268305087312044], [-89.11358357190029, 42.268304847046764], [-89.11358355862184, 42.26830467370179], [-89.11358353719628, 42.268304296187544], [-89.11358347574226, 42.26830313279925], [-89.11358325391407, 42.26829898026963], [-89.11358321186225, 42.268298177226214], [-89.1135832010924, 42.268297991898734], [-89.11358317650509, 42.268297526886364], [-89.11358281379061, 42.26829074041583], [-89.11358270119575, 42.268288626403795], [-89.11358268683595, 42.26828837930049], [-89.11358267128398, 42.268287926376665], [-89.11358266165593, 42.26828767245647], [-89.11358216666285, 42.26827357338688], [-89.1135821481204, 42.26827302267607], [-89.11358212595944, 42.26827241190421], [-89.11358211305544, 42.26827207734519], [-89.11358210337704, 42.2682715490118], [-89.11358209734232, 42.26827121794602], [-89.11358200563603, 42.26826576829602], [-89.11358199985823, 42.26826542179688], [-89.11358190553253, 42.26825985206724], [-89.11358183722297, 42.2682557712656], [-89.11358183803571, 42.268255167565044], [-89.1135818418475, 42.26825313523072], [-89.11358184279285, 42.268252939720334], [-89.11358184254944, 42.26825239946801], [-89.11358185820824, 42.26824022254664], [-89.11358185958514, 42.26823986239256], [-89.11358186013085, 42.26823969088961], [-89.11358186159003, 42.26823946451249], [-89.1135818769725, 42.26823867914731], [-89.113581969096, 42.26823397724498], [-89.11358198250885, 42.26823331020219], [-89.11358204583703, 42.268230060707886], [-89.11358205488246, 42.26822965603217], [-89.11358217457378, 42.26822357545899], [-89.1135821837905, 42.26822316049435], [-89.11358219163367, 42.268222966762394], [-89.11358221604809, 42.26822233240713], [-89.11358231901177, 42.26821961495145], [-89.11358241356135, 42.26821712552409], [-89.1135825609898, 42.26821326280358], [-89.11358280382413, 42.26820685921115], [-89.11358445133438, 42.26818071423072], [-89.11358655318834, 42.268156960813194], [-89.11605657926522, 42.26781799679802], [-89.11699875051121, 42.267691369858625], [-89.1183376605159, 42.26751140652729], [-89.11963140278166, 42.26733749987767], [-89.12056420840528, 42.26721210099731], [-89.12058654573917, 42.26730376827204], [-89.1193898503893, 42.267463813742616], [-89.11940386203273, 42.26752114819767], [-89.11979720228425, 42.26913070780607], [-89.11978805658296, 42.26913190719633], [-89.11976202186003, 42.269135322646065], [-89.11976852642928, 42.269161996632896], [-89.11977645811649, 42.26919452863881], [-89.11982745231472, 42.26940366445928], [-89.11986136796342, 42.269542753148066], [-89.11988240184168, 42.269539993496075], [-89.11989676617826, 42.26953810767981], [-89.1199309895647, 42.26967814930833], [-89.11994417598265, 42.26973210258404], [-89.1199810468816, 42.26988297164415], [-89.12004429750765, 42.27014177814678], [-89.12005916233163, 42.27020260532605], [-89.12008087716032, 42.27025835664065], [-89.12008787253775, 42.27027631562059], [-89.12011383601566, 42.27034297587545], [-89.12016264865736, 42.27046829968712], [-89.11985046567334, 42.270509279250184], [-89.11913361768859, 42.270611373353255], [-89.11889881476895, 42.27064487448837], [-89.11865286567824, 42.270679864873344], [-89.11838921344275, 42.270717382149314], [-89.11813992992283, 42.2707528897773], [-89.11791109050594, 42.270785428085574], [-89.11758816844079, 42.27083214311232], [-89.1175966833936, 42.270737548642316], [-89.1171911935282, 42.270793938301445], [-89.11617012631437, 42.27093592455038], [-89.1161693223328, 42.270930245419414], [-89.11616878481539, 42.2709264587464], [-89.11616811519201, 42.27092172756977], [-89.11616767275312, 42.27091889020639], [-89.11616737624516, 42.270916999188294], [-89.11616678553813, 42.27091321717325], [-89.11616590060369, 42.27090754587607], [-89.11616348015521, 42.27089338459251], [-89.11614342146027, 42.270804153941995], [-89.11605632708702, 42.270584429657525]], [[-89.116704359775, 42.26859884543601], [-89.11655611348036, 42.26799571286173], [-89.11605655750085, 42.26806458563027], [-89.11529530905256, 42.26816953856405], [-89.11540587499945, 42.26862339152167], [-89.11540060523161, 42.26862410299355], [-89.1154057298117, 42.26864491272446], [-89.11540139120234, 42.26864558985536], [-89.1154296077266, 42.26876017571942], [-89.1154324371832, 42.268771665248316], [-89.11602518983628, 42.26869112901229], [-89.11605650108048, 42.268686874340005], [-89.116704359775, 42.26859884543601]]]]}, "properties": {"pin": "11-21-476-005", "house_number": "523", "street_prefix": "S", "street_name": "CENTRAL", "street_suffix": "AVE", "street_postdir": null, "city": "ROCKFORD", "owner_name": "CITY OF ROCKFORD", "owner_address": "425 E STATE STREET", "owner_city": "ROCKFORD", "owner_state": "IL", "owner_zip": "61104", "address": "500 S. Independence\u00a0Street", "building_name": "North/South Warehouse Buildings", "quadrant": "Southwest", "original_owner": "Emerson-Brantingham Company", "current_owner": "City of Rockford", "current_tenants": "City of Rockford", "original_industry": "Farm implements", "later_industries": null, "building_sqft": "130,200", "year_built": null, "year_built_additions": null, "architect": null, "contractor": null, "historic_status": null, "historic_criteria": "A", "resource_status": "Contributing", "land_sqft": null, "stories": "3", "style": "warehouse", "structural_system": "Reinforced Concrete", "notes": null, "tif_district": "Preston and Central", "oz": "Y", "rerz": "N", "tif": "Y", "id": "500-s-independence-street-3"}}, {"type": "Feature", "geometry": {"type": "MultiPolygon", "coordinates": [[[[-89.11605632708702, 42.270584429657525], [-89.11605197880341, 42.27057914682422], [-89.11605028796593, 42.27057709038956], [-89.1160476328579, 42.27057386229711], [-89.11604560471986, 42.27057139801352], [-89.11604545757653, 42.27057122001233], [-89.1160442231923, 42.27056976632199], [-89.11604408728007, 42.27056960728956], [-89.1160387827409, 42.27056336554118], [-89.11603804212194, 42.270562492640984], [-89.11603633660614, 42.27056048580893], [-89.11603433440965, 42.270558128097726], [-89.11603416668588, 42.270557937902424], [-89.11603180749319, 42.270555245910245], [-89.11602978597159, 42.270552939474264], [-89.11602548909133, 42.27054803785844], [-89.11602330663071, 42.27054554986458], [-89.11602296217569, 42.27054515567076], [-89.11602281252425, 42.2705449896521], [-89.11602063562334, 42.27054258403293], [-89.11601908916833, 42.27054087193641], [-89.11601598708002, 42.27053744422906], [-89.11601262876037, 42.27053373290112], [-89.11601133850895, 42.27053230613985], [-89.11600658985961, 42.27052721515572], [-89.1160060612058, 42.270526649481404], [-89.11600184121104, 42.27052212417143], [-89.11599946802724, 42.27051957954718], [-89.11599732964022, 42.27051735779387], [-89.1159970436212, 42.270517060179785], [-89.11599273740195, 42.27051258210168], [-89.1159873529256, 42.270506982773156], [-89.11598591983854, 42.27050553583703], [-89.11598240856894, 42.270501996329834], [-89.1159791153911, 42.27049867320562], [-89.11597743245851, 42.270496975293796], [-89.11597518401621, 42.27049470622461], [-89.11597499551296, 42.270494515838806], [-89.11597477280387, 42.27049429941344], [-89.11597459786901, 42.27049412630274], [-89.11597247553368, 42.27049205047778], [-89.11597219607123, 42.27049177521971], [-89.11596743797001, 42.270487114632196], [-89.11596519979105, 42.2704849228354], [-89.1159644113161, 42.270484150685945], [-89.11596392730236, 42.27048367803471], [-89.11596240035016, 42.27048218221607], [-89.11596199569432, 42.270481797760944], [-89.115959510949, 42.27047943562718], [-89.11595812424176, 42.270478116031505], [-89.11595213632836, 42.27047242198832], [-89.11595099510572, 42.270471337892545], [-89.11594956743731, 42.270469981904796], [-89.11594695650257, 42.27046757059235], [-89.11594582842126, 42.27046652949391], [-89.11594376101817, 42.27046462224943], [-89.11593835261381, 42.270459629837326], [-89.1159367605587, 42.27045816086309], [-89.11593650127823, 42.27045792180654], [-89.11593599614325, 42.2704574695426], [-89.1159331679462, 42.2704549310384], [-89.11593118383578, 42.2704531531878], [-89.11592911555057, 42.27045129910245], [-89.1159283464606, 42.27045061116921], [-89.11592602334201, 42.270448528358436], [-89.11592586408528, 42.27044838454769], [-89.11592565246512, 42.27044819566508], [-89.1159234726977, 42.27044624108357], [-89.11592320421033, 42.27044600022754], [-89.11592170186168, 42.270444691577374], [-89.11592149243648, 42.27044450957521], [-89.11591508691068, 42.27043893347426], [-89.1159141855017, 42.270438148284114], [-89.11590967614822, 42.27043422231215], [-89.11590662011578, 42.27043163712764], [-89.1159041743437, 42.27042957034336], [-89.11589898002158, 42.27042517502342], [-89.11589592399004, 42.270422589838624], [-89.11589573263716, 42.27042243201309], [-89.11589493530026, 42.27042177640734], [-89.11589312872171, 42.27042029346128], [-89.11589126521908, 42.27041876197143], [-89.11588753821414, 42.27041569899161], [-89.11588344897035, 42.27041233941396], [-89.11588194770736, 42.27041110452167], [-89.11587626843894, 42.27040657098096], [-89.115875639452, 42.27040606784461], [-89.11587249218009, 42.270403553856475], [-89.11587059148022, 42.270402037461146], [-89.1158684993707, 42.27040036666984], [-89.11586775186095, 42.27039976983315], [-89.11586699494485, 42.27039918320074], [-89.11586486786068, 42.27039753266983], [-89.1158630873093, 42.27039615115148], [-89.11585974506646, 42.2703935581979], [-89.11585373540375, 42.270388896427846], [-89.11585333873124, 42.270388587508954], [-89.11585171261963, 42.27038736176273], [-89.11584971021662, 42.27038585129542], [-89.11584748655972, 42.27038417586818], [-89.11584358665175, 42.270381234788275], [-89.11584164581943, 42.270379771192175], [-89.11583891358102, 42.27037771207198], [-89.11583871059862, 42.270377559285016], [-89.11583852808266, 42.27037742555148], [-89.11583824520147, 42.27037721714987], [-89.11583574242715, 42.270375384807615], [-89.11583541160103, 42.27037514338014], [-89.11583346096387, 42.27037371399564], [-89.11582980608489, 42.27037103585258], [-89.11582717102051, 42.270369104538396], [-89.1158238720523, 42.27036668691837], [-89.11581885573176, 42.270363114748776], [-89.11581396719849, 42.27035963464913], [-89.11581183561469, 42.2703581161371], [-89.11581049822976, 42.270357164018534], [-89.11580882534423, 42.270355973859715], [-89.11580853770307, 42.270355773989785], [-89.115805775282, 42.27035386380411], [-89.11580204717825, 42.27035128446373], [-89.11579357272628, 42.27034542355977], [-89.11495379615818, 42.26983315729633], [-89.11445023302421, 42.269525975723866], [-89.114391270121, 42.26949086041636], [-89.1143910004455, 42.26949069157914], [-89.11439064619887, 42.26949047051354], [-89.11438043940524, 42.26948409623587], [-89.1143425955324, 42.269459859634], [-89.11433616371994, 42.269455600384056], [-89.11433282677238, 42.26945338989703], [-89.11432869268604, 42.269450652425974], [-89.1143254362914, 42.26944845811364], [-89.11431489984219, 42.26944135704158], [-89.11431386783197, 42.269440651249035], [-89.11431255041275, 42.269439750748525], [-89.1143100183308, 42.26943801929357], [-89.11430843149338, 42.26943693452225], [-89.11430145172965, 42.26943216086346], [-89.1143011777793, 42.269431971405844], [-89.11429828096334, 42.26942995533057], [-89.1142956945828, 42.26942815648893], [-89.11429553251, 42.26942804352148], [-89.11429525858821, 42.26942785234904], [-89.11429468104362, 42.26942745086574], [-89.11429443907463, 42.26942728228254], [-89.11429157190308, 42.26942528877517], [-89.11429129339217, 42.26942509584552], [-89.11428810891624, 42.269422881611185], [-89.11428736260072, 42.269422353378246], [-89.11428034678512, 42.26941738729844], [-89.11428007745256, 42.26941719788316], [-89.11427682741915, 42.26941489900798], [-89.11427647365834, 42.26941464879011], [-89.11427487373933, 42.26941351759114], [-89.11424204563683, 42.26938954994556], [-89.11424067044386, 42.26938851342276], [-89.11424037622794, 42.26938829290761], [-89.1142280382871, 42.26937899199881], [-89.11422774187655, 42.26937876460317], [-89.11422630548681, 42.26937765891538], [-89.11422542309606, 42.269376981936425], [-89.1142242078385, 42.26937604807087], [-89.11422360817653, 42.26937558807153], [-89.11422262092054, 42.26937482952144], [-89.1142185601336, 42.26937171197147], [-89.1142183047685, 42.26937151582391], [-89.11421416417149, 42.26936833751357], [-89.11420898284732, 42.26936428353674], [-89.11420868424217, 42.26936404926057], [-89.11420656886588, 42.26936239366099], [-89.11420610157568, 42.269362027490686], [-89.11420546560034, 42.26936152942622], [-89.11420500740279, 42.26936117191477], [-89.1142044945066, 42.2693607710243], [-89.11420429848643, 42.26936061658327], [-89.11420042559877, 42.26935758651107], [-89.11419568081199, 42.269353804092376], [-89.11419547797951, 42.269353642728476], [-89.11419272956529, 42.26935145135933], [-89.11419007002583, 42.26934933112405], [-89.11418917897115, 42.26934861976371], [-89.11418895561602, 42.26934844277574], [-89.11418868212283, 42.26934822588079], [-89.11418760188899, 42.26934736528739], [-89.11418682020309, 42.26934674239982], [-89.11418651715164, 42.26934649779232], [-89.11418362576396, 42.26934415589889], [-89.11418020349498, 42.26934138379342], [-89.11417664908316, 42.26933850414012], [-89.11417371895968, 42.26933613101953], [-89.11417120185558, 42.26933405496802], [-89.11417090801103, 42.26933381216005], [-89.1141704182606, 42.2693334080517], [-89.11416385557129, 42.269327995057594], [-89.11416091248026, 42.26932556865017], [-89.11416074618977, 42.2693254316327], [-89.1141257970285, 42.26929557548525], [-89.11409870679341, 42.26927136375304], [-89.11409289824655, 42.26926600912907], [-89.11408795618102, 42.26926145482451], [-89.11408776061799, 42.2692612729462], [-89.11408757186727, 42.26926109799073], [-89.11408731713075, 42.269260864116895], [-89.11408452885348, 42.269258293346724], [-89.11408378542339, 42.26925759191595], [-89.114083398915, 42.269257228201674], [-89.11407405011619, 42.26924842121391], [-89.11407209485743, 42.26924658013785], [-89.11407159467699, 42.26924610904527], [-89.11407053745145, 42.26924511488576], [-89.11406942834992, 42.269244046501676], [-89.11406919653056, 42.26924382312862], [-89.11406898289648, 42.2692436170733], [-89.11406223277272, 42.269237118422744], [-89.11405903724086, 42.269234043110686], [-89.11405673492463, 42.26923182667657], [-89.1140565213477, 42.26923161719158], [-89.11405444934101, 42.26922957609439], [-89.11405417214424, 42.26922930428258], [-89.11405397219198, 42.26922910864329], [-89.1140450955689, 42.26922037459035], [-89.11404458210657, 42.26921986907413], [-89.11404384597479, 42.26921914541406], [-89.11404311893563, 42.26921843041283], [-89.11404120660715, 42.26921650740648], [-89.11403918300114, 42.26921447189853], [-89.1140339751841, 42.26920923598089], [-89.11403336424021, 42.26920862151982], [-89.11403079100184, 42.26920603385632], [-89.11402969404496, 42.26920492956665], [-89.1140269855304, 42.26920214514227], [-89.1140261319083, 42.26920126604649], [-89.11402590941016, 42.26920103761369], [-89.11402570053667, 42.26920082302658], [-89.11402012457312, 42.26919509150126], [-89.11401988166655, 42.26919484058507], [-89.11401646256141, 42.26919132415927], [-89.11399577584515, 42.269169465957575], [-89.11399539934352, 42.269169056027714], [-89.1139903756168, 42.269163581686804], [-89.11398230584598, 42.26915479157741], [-89.11382673666847, 42.268968186845484], [-89.11370761966917, 42.268767326672396], [-89.11362726949109, 42.26855611471174], [-89.11362568850141, 42.268550241482565], [-89.11362381380715, 42.2685432850563], [-89.11362375942687, 42.268543083892645], [-89.1136237050466, 42.26854288272897], [-89.1136208105809, 42.26853212832784], [-89.11362016041222, 42.2685297092407], [-89.11362009970502, 42.26852947200227], [-89.11362005854956, 42.26852930869181], [-89.11361853836395, 42.26852325079227], [-89.11361844089053, 42.26852286400431], [-89.11361692059104, 42.268516812964], [-89.11361685777486, 42.26851656370066], [-89.11361681012121, 42.268516374604324], [-89.11361674513896, 42.26851611674568], [-89.11361058071232, 42.268489560445914], [-89.11361045855918, 42.26848899163288], [-89.11360801216384, 42.26847753816323], [-89.11360739085349, 42.26847463397348], [-89.11360693239824, 42.268472350422904], [-89.1136055464307, 42.26846544307617], [-89.11360549532986, 42.268465183629914], [-89.11360439302571, 42.26845968525319], [-89.11360431673127, 42.268459274648585], [-89.11360404729204, 42.268457843513126], [-89.11360394762754, 42.26845731092326], [-89.11360387560815, 42.26845692093887], [-89.11360353851025, 42.26845511529479], [-89.11360301468017, 42.268452320050166], [-89.11360095153739, 42.26844128686394], [-89.1136008988985, 42.26844098109641], [-89.11360077900056, 42.26844027681279], [-89.11360053701011, 42.26843886136509], [-89.11360043811638, 42.26843828247515], [-89.11360035184798, 42.2684377774496], [-89.11360026766002, 42.26843728616377], [-89.11359780378159, 42.26842286030038], [-89.1135977287432, 42.2684223742438], [-89.11359751397315, 42.26842098820243], [-89.11359744939404, 42.2684205674149], [-89.11359741385537, 42.26842034412823], [-89.11359719489592, 42.268418932322156], [-89.1135971699307, 42.26841876744526], [-89.11359665286967, 42.26841542686746], [-89.11359643610486, 42.268414021941865], [-89.11359622338674, 42.26841265135504], [-89.1135955770249, 42.268408477776276], [-89.11359506210155, 42.26840514750855], [-89.11359497877001, 42.268404604778205], [-89.11359494742078, 42.268404407256185], [-89.11359485465762, 42.268403737523315], [-89.11359478874026, 42.26840325841083], [-89.11359383614347, 42.26839639620535], [-89.11359238473493, 42.26838592946736], [-89.11359002448538, 42.2683697174424], [-89.11358999593024, 42.26836949078966], [-89.11358996731799, 42.268369267566584], [-89.11358994075765, 42.268369059798054], [-89.11358927318763, 42.26836380209419], [-89.11358846677454, 42.268357452324736], [-89.11358842801707, 42.268357144969606], [-89.11358809330612, 42.268354502388526], [-89.11358799934756, 42.26835376575656], [-89.11358796249924, 42.26835348243007], [-89.11358792055145, 42.268353089291644], [-89.11358789649974, 42.26835286954061], [-89.11358676122616, 42.26834241599595], [-89.11358671907857, 42.268342034861256], [-89.11358623234528, 42.26833756603948], [-89.11358619641044, 42.26833722783883], [-89.11358617087772, 42.26833695833687], [-89.11358612804842, 42.26833647943638], [-89.1135847284704, 42.26832095711953], [-89.11358470578887, 42.268320655057245], [-89.113584619823, 42.268319438276414], [-89.1135846048352, 42.26831922889905], [-89.11358358868307, 42.268305087312044], [-89.11358357190029, 42.268304847046764], [-89.11358355862184, 42.26830467370179], [-89.11358353719628, 42.268304296187544], [-89.11358347574226, 42.26830313279925], [-89.11358325391407, 42.26829898026963], [-89.11358321186225, 42.268298177226214], [-89.1135832010924, 42.268297991898734], [-89.11358317650509, 42.268297526886364], [-89.11358281379061, 42.26829074041583], [-89.11358270119575, 42.268288626403795], [-89.11358268683595, 42.26828837930049], [-89.11358267128398, 42.268287926376665], [-89.11358266165593, 42.26828767245647], [-89.11358216666285, 42.26827357338688], [-89.1135821481204, 42.26827302267607], [-89.11358212595944, 42.26827241190421], [-89.11358211305544, 42.26827207734519], [-89.11358210337704, 42.2682715490118], [-89.11358209734232, 42.26827121794602], [-89.11358200563603, 42.26826576829602], [-89.11358199985823, 42.26826542179688], [-89.11358190553253, 42.26825985206724], [-89.11358183722297, 42.2682557712656], [-89.11358183803571, 42.268255167565044], [-89.1135818418475, 42.26825313523072], [-89.11358184279285, 42.268252939720334], [-89.11358184254944, 42.26825239946801], [-89.11358185820824, 42.26824022254664], [-89.11358185958514, 42.26823986239256], [-89.11358186013085, 42.26823969088961], [-89.11358186159003, 42.26823946451249], [-89.1135818769725, 42.26823867914731], [-89.113581969096, 42.26823397724498], [-89.11358198250885, 42.26823331020219], [-89.11358204583703, 42.268230060707886], [-89.11358205488246, 42.26822965603217], [-89.11358217457378, 42.26822357545899], [-89.1135821837905, 42.26822316049435], [-89.11358219163367, 42.268222966762394], [-89.11358221604809, 42.26822233240713], [-89.11358231901177, 42.26821961495145], [-89.11358241356135, 42.26821712552409], [-89.1135825609898, 42.26821326280358], [-89.11358280382413, 42.26820685921115], [-89.11358445133438, 42.26818071423072], [-89.11358655318834, 42.268156960813194], [-89.11605657926522, 42.26781799679802], [-89.11699875051121, 42.267691369858625], [-89.1183376605159, 42.26751140652729], [-89.11963140278166, 42.26733749987767], [-89.12056420840528, 42.26721210099731], [-89.12058654573917, 42.26730376827204], [-89.1193898503893, 42.267463813742616], [-89.11940386203273, 42.26752114819767], [-89.11979720228425, 42.26913070780607], [-89.11978805658296, 42.26913190719633], [-89.11976202186003, 42.269135322646065], [-89.11976852642928, 42.269161996632896], [-89.11977645811649, 42.26919452863881], [-89.11982745231472, 42.26940366445928], [-89.11986136796342, 42.269542753148066], [-89.11988240184168, 42.269539993496075], [-89.11989676617826, 42.26953810767981], [-89.1199309895647, 42.26967814930833], [-89.11994417598265, 42.26973210258404], [-89.1199810468816, 42.26988297164415], [-89.12004429750765, 42.27014177814678], [-89.12005916233163, 42.27020260532605], [-89.12008087716032, 42.27025835664065], [-89.12008787253775, 42.27027631562059], [-89.12011383601566, 42.27034297587545], [-89.12016264865736, 42.27046829968712], [-89.11985046567334, 42.270509279250184], [-89.11913361768859, 42.270611373353255], [-89.11889881476895, 42.27064487448837], [-89.11865286567824, 42.270679864873344], [-89.11838921344275, 42.270717382149314], [-89.11813992992283, 42.2707528897773], [-89.11791109050594, 42.270785428085574], [-89.11758816844079, 42.27083214311232], [-89.1175966833936, 42.270737548642316], [-89.1171911935282, 42.270793938301445], [-89.11617012631437, 42.27093592455038], [-89.1161693223328, 42.270930245419414], [-89.11616878481539, 42.2709264587464], [-89.11616811519201, 42.27092172756977], [-89.11616767275312, 42.27091889020639], [-89.11616737624516, 42.270916999188294], [-89.11616678553813, 42.27091321717325], [-89.11616590060369, 42.27090754587607], [-89.11616348015521, 42.27089338459251], [-89.11614342146027, 42.270804153941995], [-89.11605632708702, 42.270584429657525]], [[-89.116704359775, 42.26859884543601], [-89.11655611348036, 42.26799571286173], [-89.11605655750085, 42.26806458563027], [-89.11529530905256, 42.26816953856405], [-89.11540587499945, 42.26862339152167], [-89.11540060523161, 42.26862410299355], [-89.1154057298117, 42.26864491272446], [-89.11540139120234, 42.26864558985536], [-89.1154296077266, 42.26876017571942], [-89.1154324371832, 42.268771665248316], [-89.11602518983628, 42.26869112901229], [-89.11605650108048, 42.268686874340005], [-89.116704359775, 42.26859884543601]]]]}, "properties": {"pin": "11-21-476-005", "house_number": "500", "street_prefix": "S", "street_name": "INDEPENDENCE", "street_suffix": "AVE", "street_postdir": null, "city": "ROCKFORD", "owner_name": "CITY OF ROCKFORD", "owner_address": "425 E STATE STREET", "owner_city": "ROCKFORD", "owner_state": "IL", "owner_zip": "61104", "address": "500 S. Independence\u00a0Street", "building_name": "North/South Warehouse Buildings", "quadrant": "Southwest", "original_owner": "Emerson-Brantingham Company", "current_owner": "City of Rockford", "current_tenants": "City of Rockford", "original_industry": "Farm implements", "later_industries": null, "building_sqft": "130,200", "year_built": null, "year_built_additions": null, "architect": null, "contractor": null, "historic_status": null, "historic_criteria": "A", "resource_status": "Contributing", "land_sqft": null, "stories": "3", "style": "warehouse", "structural_system": "Reinforced Concrete", "notes": null, "tif_district": "Preston and Central", "oz": "Y", "rerz": "N", "tif": "Y", "id": "500-s-independence-street-4"}}, {"type": "Feature", "geometry": {"type": "MultiPolygon", "coordinates": [[[[-89.10463980594062, 42.268091924388074], [-89.10451957038012, 42.267955563116686], [-89.10450784361886, 42.268057673222415], [-89.10316509484035, 42.26751355415441], [-89.10316024726949, 42.26748324148021], [-89.10320198188565, 42.26742473955024], [-89.1033395362292, 42.267233185274684], [-89.10369549658527, 42.26737676504719], [-89.10390764269215, 42.267462317371944], [-89.10412415621711, 42.26754963857003], [-89.10414173393356, 42.267556744074646], [-89.10423840738478, 42.267348564708605], [-89.10431499668609, 42.26718350152499], [-89.10495461799871, 42.267334287498805], [-89.10629904312005, 42.26765124231787], [-89.10632134424803, 42.2676564977158], [-89.10644100407045, 42.26768342629449], [-89.10659345956705, 42.267717710319054], [-89.10674348545149, 42.26775147774232], [-89.10674381653455, 42.26775156312619], [-89.10767850140087, 42.267957473507465], [-89.10766962346752, 42.26801109408942], [-89.10724482856165, 42.26806570618636], [-89.10722770179281, 42.268067907913384], [-89.10721726514663, 42.26802402209016], [-89.10677737500309, 42.26804830931589], [-89.10669744092355, 42.26804286433611], [-89.10640550271133, 42.26802297534232], [-89.1061518640766, 42.26800569512596], [-89.1060813221808, 42.268000888828496], [-89.10600451585066, 42.26799565580581], [-89.1058681417628, 42.26799463965245], [-89.10564904416766, 42.26799300720959], [-89.10541733570403, 42.26799127994184], [-89.10530433173173, 42.26799043822425], [-89.10530633869122, 42.26791554385266], [-89.1051996903975, 42.267913965057815], [-89.1049912764182, 42.267910879814465], [-89.10499281090864, 42.26784503497744], [-89.10498545999037, 42.2678417905967], [-89.1049052235204, 42.26780637055844], [-89.1047768418308, 42.26780438605292], [-89.10473461889447, 42.267803734379854], [-89.10463980594062, 42.268091924388074]]]]}, "properties": {"pin": "11-22-457-001", "house_number": "714", "street_prefix": null, "street_name": "SOUTH", "street_suffix": "ST", "street_postdir": null, "city": "ROCKFORD", "owner_name": "720 SOUTH STREET COMPLEX LLC", "owner_address": "PO BOX 1926", "owner_city": "ROCKFORD", "owner_state": "IL", "owner_zip": "61110", "address": "714 South Street", "building_name": "South Bldg", "quadrant": "Southwest", "original_owner": "Forest Cit Bolt/Emerson-Brantingham Company", "current_owner": "MC Products", "current_tenants": "MC Products", "original_industry": "Foundry/Bolt Manufacturing", "later_industries": "Chemical", "building_sqft": "16,800", "year_built": "1900", "year_built_additions": null, "architect": "Bradley & Carpenter", "contractor": null, "historic_status": null, "historic_criteria": "A&C", "resource_status": "Contributing", "land_sqft": "178,775", "stories": "2.5", "style": "Clerestory windows, 2 levels", "structural_system": "Steel, concrete and brick.", "notes": "Monitor roof.  Demo 20x100 bldg in 2015. Dock demo'd 2010", "tif_district": "West State and Kilburn", "oz": "N", "rerz": "Y", "tif": "N", "id": "714-south-street"}}, {"type": "Feature", "geometry": {"type": "MultiPolygon", "coordinates": [[[[-89.06755638099736, 42.24527616846327], [-89.0675511224805, 42.245231237755945], [-89.06754869419574, 42.24519041435659], [-89.0675326084083, 42.24519050545038], [-89.06753671916465, 42.24440575505576], [-89.06753867034429, 42.24437632919363], [-89.0675493858388, 42.244197322234314], [-89.06762569193604, 42.24363111529469], [-89.0676646954515, 42.2433239337628], [-89.0676830186282, 42.243015688685965], [-89.06768620811438, 42.24253615419245], [-89.06773352403535, 42.242505955594886], [-89.06773396220551, 42.242442405620324], [-89.06773748609714, 42.24191378169784], [-89.06980191428049, 42.24190127342074], [-89.06997912699906, 42.24190019656756], [-89.07015633971736, 42.241899119440426], [-89.0703335524354, 42.24189804203938], [-89.07051076515319, 42.24189696436444], [-89.0706879778707, 42.24189588641556], [-89.07086519106275, 42.241894780755935], [-89.07104240330493, 42.241893729696045], [-89.07104004505835, 42.2421901012728], [-89.07103772368555, 42.242486473186894], [-89.07086050930941, 42.242487551656964], [-89.07068325800792, 42.24248862950026], [-89.07050608055629, 42.24248970777537], [-89.0703543515906, 42.242490617426114], [-89.07033312279509, 42.245173464938915], [-89.07033304781343, 42.24518419378708], [-89.07033292972886, 42.24519527896067], [-89.07032954580414, 42.24562744774176], [-89.07032783894509, 42.24581559669427], [-89.07044973127032, 42.24581484096855], [-89.07044410866531, 42.24643819954977], [-89.07032225159197, 42.246438983045294], [-89.07011920586397, 42.246440279908526], [-89.06991616061052, 42.24644154897536], [-89.06971315228385, 42.24644281803579], [-89.069510069151, 42.24644414090377], [-89.0693074104114, 42.24640246689936], [-89.06910487767027, 42.24634395333787], [-89.06906340599794, 42.24632971056864], [-89.06896478141172, 42.24629248232599], [-89.06891210358046, 42.24627060817115], [-89.06887008180941, 42.24625894126723], [-89.06886188281864, 42.24625666576214], [-89.06880839075168, 42.246241815607966], [-89.06879835855464, 42.24623903032046], [-89.06880299383918, 42.24622038542818], [-89.0687676731663, 42.24620259804385], [-89.0687661996335, 42.24620184645159], [-89.0687637651179, 42.24620060372117], [-89.06873406287055, 42.24618495050885], [-89.06865927313984, 42.24614301074174], [-89.06862991535193, 42.24612546734806], [-89.0685075937198, 42.246105025454725], [-89.06845617302001, 42.24609107309323], [-89.06825319542557, 42.24602078314959], [-89.06810571141358, 42.24595216324369], [-89.06788788042375, 42.24583107537951], [-89.06776253443985, 42.24570835132197], [-89.06766405883205, 42.24557277365211], [-89.06759479263464, 42.24542756291608], [-89.06755638099736, 42.24527616846327]]]]}, "properties": {"pin": "11-36-330-013", "house_number": "2136", "street_prefix": null, "street_name": "12TH", "street_suffix": "ST", "street_postdir": null, "city": "ROCKFORD", "owner_name": "TUNEBERG", "owner_address": "CLEVELAND BELDEN & ASSOCIATES TRUST", "owner_city": "ROCKFORD", "owner_state": "IL", "owner_zip": "61114", "address": "2136 12th Street", "building_name": "Greenlee Bros. Building", "quadrant": "Southeast", "original_owner": "Greenlee Bros. & Co.", "current_owner": "James E Tuneberg, Trustee", "current_tenants": "Buss Machine Works", "original_industry": "die casting machinery", "later_industries": "metal working, wood working, foundry and die", "building_sqft": "636,300", "year_built": "1905", "year_built_additions": null, "architect": null, "contractor": null, "historic_status": null, "historic_criteria": "A&C", "resource_status": "Contributing", "land_sqft": "1,201,411", "stories": "3", "style": "Industrial Sawtooth", "structural_system": "Steel Truss", "notes": "Sawtooth roofs", "tif_district": null, "oz": "N", "rerz": "N", "tif": "N", "id": "2136-12th-street-3"}}, {"type": "Feature", "geometry": {"type": "MultiPolygon", "coordinates": [[[[-89.07241570249315, 42.23816098086457], [-89.07255236836735, 42.23802966397615], [-89.07289807504043, 42.23799692749646], [-89.07366448583441, 42.23799142239884], [-89.0739082446874, 42.23798965644052], [-89.07533227530537, 42.237979396723496], [-89.07557603366719, 42.23797765465598], [-89.07674123673267, 42.237969250526135], [-89.07673700684697, 42.23832874730061], [-89.07557179669315, 42.23833717874727], [-89.07532803742006, 42.238338893352754], [-89.07482227459624, 42.23834254007786], [-89.07482184544398, 42.2383095994779], [-89.07390442195602, 42.23831619814595], [-89.07366066208269, 42.238317950363026], [-89.07341135067121, 42.23831974175715], [-89.07341122109726, 42.23833620534826], [-89.07241427291314, 42.23834336490956], [-89.07241570249315, 42.23816098086457]]]]}, "properties": {"pin": "11-36-353-003", "house_number": "2531", "street_prefix": null, "street_name": "11TH", "street_suffix": "ST", "street_postdir": null, "city": "ROCKFORD", "owner_name": "TUNEBERG", "owner_address": "2601 REID FARM RD SUITE B", "owner_city": "ROCKFORD", "owner_state": "IL", "owner_zip": "61114", "address": "2531 11th Street", "building_name": "Paoli Storage", "quadrant": "Southeast", "original_owner": "Illinois Machine Tool/Sundstrand", "current_owner": "James E Tuneberg, Trustee", "current_tenants": null, "original_industry": "Illinois Machine tool", "later_industries": "Sundstrand", "building_sqft": "179,446", "year_built": "1911-1912", "year_built_additions": "1929, 1940 (Linden & Sons Cont.)", "architect": null, "contractor": null, "historic_status": null, "historic_criteria": "A&C", "resource_status": "Contributing", "land_sqft": "145,388", "stories": "3", "style": "Industrial Daylighting", "structural_system": "Steel Frame, Conc. Fl., Monitor", "notes": null, "tif_district": null, "oz": "N", "rerz": "N", "tif": "N", "id": "2531-11th-street"}}, {"type": "Feature", "geometry": {"type": "MultiPolygon", "coordinates": [[[[-89.09878403660905, 42.27018960834334], [-89.09890081491862, 42.2700305485838], [-89.09901762957654, 42.26987148903825], [-89.09951999266043, 42.270075635425194], [-89.0994030315643, 42.270234666674774], [-89.09928607033723, 42.27039367035714], [-89.09878403660905, 42.27018960834334]]]]}, "properties": {"pin": "11-22-477-007", "house_number": "315", "street_prefix": "S", "street_name": "COURT", "street_suffix": "ST", "street_postdir": null, "city": "ROCKFORD", "owner_name": "DAVIS", "owner_address": "2614 CROSBY", "owner_city": "ROCKFORD", "owner_state": "IL", "owner_zip": "61107", "address": "315 S. Court Street", "building_name": "Railway Express Building", "quadrant": "Southwest", "original_owner": "Frank Schrom", "current_owner": "Timothy & Beverly Davis", "current_tenants": "empty", "original_industry": "Shipping/warehouse", "later_industries": "warehouse", "building_sqft": "19,700", "year_built": "1930", "year_built_additions": null, "architect": "Bradley& Bradley", "contractor": null, "historic_status": null, "historic_criteria": "A&C", "resource_status": "Contributing", "land_sqft": "20,592", "stories": "1", "style": "Commercial", "structural_system": "Steel Frame, Mas. Bearing", "notes": null, "tif_district": null, "oz": "N", "rerz": "Y", "tif": "N", "id": "315-s-court-street"}}, {"type": "Feature", "geometry": {"type": "MultiPolygon", "coordinates": [[[[-89.07132751891697, 42.25479519485823], [-89.07145586520319, 42.254793896033185], [-89.07165876638595, 42.254791827123306], [-89.07184319479667, 42.25478996568204], [-89.07184292693718, 42.25492716962095], [-89.07184262261246, 42.25506434576726], [-89.07144376415715, 42.25506841298353], [-89.071327720077, 42.25506958232231], [-89.0713276197373, 42.2549323748735], [-89.07132751891697, 42.25479519485823]]]]}, "properties": {"pin": "11-25-378-002", "house_number": "1220", "street_prefix": null, "street_name": "11TH", "street_suffix": "ST", "street_postdir": null, "city": "ROCKFORD", "owner_name": "PINE CREEK LLC", "owner_address": "C/O TIM THEDEN", "owner_city": "ROCKFORD", "owner_state": "IL", "owner_zip": "61107", "address": "1220 11th Street", "building_name": "Hanson Clock Co.", "quadrant": "Southeast", "original_owner": "Hanson Clock Co.", "current_owner": "Pine Creek LLC C/O Tim Theden", "current_tenants": null, "original_industry": "Grandfather clock manufacturing", "later_industries": null, "building_sqft": "31,842", "year_built": "1913", "year_built_additions": "1922", "architect": null, "contractor": null, "historic_status": null, "historic_criteria": "A&C", "resource_status": "Contributing", "land_sqft": "21,000", "stories": "2 w/ basement", "style": "Mill", "structural_system": "wood framed masonry bearing", "notes": null, "tif_district": "Broadway", "oz": "N", "rerz": "N", "tif": "Y", "id": "1220-11th-street"}}, {"type": "Feature", "geometry": {"type": "MultiPolygon", "coordinates": [[[[-89.09305935307644, 42.25736251680839], [-89.09301968856437, 42.257353281935416], [-89.09297983678049, 42.25735290883738], [-89.09294017228659, 42.25734367393711], [-89.09290055807993, 42.257331475832856], [-89.0928609069548, 42.257319277369255], [-89.09282129277916, 42.25730707923792], [-89.09278162880368, 42.257297816846354], [-89.09276788332078, 42.257291513838304], [-89.09271284332993, 42.256964968251566], [-89.09266751330972, 42.25674759275973], [-89.09265840970909, 42.25671155938924], [-89.09257542790647, 42.256442262159645], [-89.09246744013795, 42.256177903308945], [-89.09259807728805, 42.25595904755799], [-89.09263556569243, 42.25589620131036], [-89.092712099363, 42.25576799875441], [-89.09282057071687, 42.25558620046057], [-89.09300804481518, 42.25527207876918], [-89.09306260154938, 42.25518071598983], [-89.09311639852808, 42.255090580929924], [-89.09317673518885, 42.255089636456454], [-89.09332493097514, 42.25517685999097], [-89.09346457243637, 42.25526537534804], [-89.09368463660456, 42.25541860326449], [-89.09389228947965, 42.25558111048713], [-89.09392419539658, 42.255607807485625], [-89.09422804874853, 42.25589057990291], [-89.09443886657526, 42.25612442853442], [-89.0946207070224, 42.25636158069089], [-89.0947794238149, 42.25660772528944], [-89.09483227152937, 42.25669789742853], [-89.09526978398172, 42.257444080982204], [-89.09525982947292, 42.257456034717464], [-89.09523942173305, 42.257485398346184], [-89.09521852383803, 42.257513165795814], [-89.0952060938334, 42.257542603952324], [-89.09518169668709, 42.2575719577388], [-89.09515729998252, 42.25760128408275], [-89.09513685474849, 42.25763067478328], [-89.09511245800013, 42.25766000111688], [-89.09509603855585, 42.257689429425575], [-89.0950756306631, 42.25771879302225], [-89.0950552222866, 42.257748184051884], [-89.0950188587508, 42.25777739854382], [-89.09499050945702, 42.257806715357034], [-89.09495030656453, 42.25782705784828], [-89.09490999142788, 42.25785620793547], [-89.09486968857463, 42.25788244934465], [-89.09481295325814, 42.25794105510401], [-89.09477658949942, 42.257970269515624], [-89.09473627326196, 42.25799947441298], [-89.09471891032955, 42.25800825798545], [-89.0937123284274, 42.257676903491], [-89.09367842200719, 42.257661383776444], [-89.0936390074905, 42.25763738803427], [-89.09359955700006, 42.25761333705931], [-89.09356140481745, 42.25758896892364], [-89.0935340206062, 42.257559158393114], [-89.09349445639478, 42.2575439973008], [-89.09345500555251, 42.25751997371396], [-89.09341544138489, 42.257504812594775], [-89.09337602753139, 42.25748078932684], [-89.09334736331914, 42.25746765108626], [-89.0933364762634, 42.257462692081376], [-89.0932969624176, 42.25744456773119], [-89.09325741119521, 42.257426470458846], [-89.09321784713433, 42.25741130927248], [-89.0931782328301, 42.2573991112632], [-89.09313866880572, 42.25738395004982], [-89.09309901760034, 42.25737175166775], [-89.09305935307644, 42.25736251680839]]]]}, "properties": {"pin": "11-26-305-007", "house_number": "1101", "street_prefix": null, "street_name": "SEMINARY", "street_suffix": "ST", "street_postdir": null, "city": "ROCKFORD", "owner_name": "ALTER TRADING CORPORATION", "owner_address": "700 OFFICE PKWY", "owner_city": "SAINT LOUIS", "owner_state": "MO", "owner_zip": "63141", "address": "1123 Seminary  Street", "building_name": "Joe Behr Iron & Metal", "quadrant": "Southeast", "original_owner": "Old Colony Chair Co.", "current_owner": "Behr Iron & Metal", "current_tenants": "Behr Iron & Metal", "original_industry": "Furniture", "later_industries": "Recycling", "building_sqft": null, "year_built": null, "year_built_additions": null, "architect": null, "contractor": null, "historic_status": null, "historic_criteria": "A", "resource_status": "Contributing", "land_sqft": null, "stories": "3", "style": "Mill", "structural_system": "Heavy Timber frame, stone & Brick", "notes": null, "tif_district": null, "oz": "Y", "rerz": "Y", "tif": "Y", "id": "1123-seminary-street"}}, {"type": "Feature", "geometry": {"type": "MultiPolygon", "coordinates": [[[[-89.09758178294545, 42.26343301395128], [-89.09785603905836, 42.26307285145589], [-89.09787145080494, 42.263079032174176], [-89.09791973983738, 42.26301535192799], [-89.09794505509417, 42.26298199971598], [-89.09795614376796, 42.26298822245925], [-89.09799079944538, 42.26301648064076], [-89.0980281244458, 42.26303543364901], [-89.09806548051426, 42.263052548368584], [-89.09810270560547, 42.26307523243623], [-89.09821464301587, 42.26313214584746], [-89.09825190514522, 42.263154830211626], [-89.0982891353356, 42.26317940771473], [-89.09832646469181, 42.26319811369475], [-89.09840182205915, 42.263226970445835], [-89.09844187594538, 42.26323966468534], [-89.09847956631064, 42.263252309454515], [-89.0985173228087, 42.2632632260264], [-89.09855498309821, 42.2632776541741], [-89.0985926507015, 42.2632938386197], [-89.09863040041012, 42.26330297140769], [-89.0986681200277, 42.26331388758647], [-89.09870584742117, 42.263326532626095], [-89.09873045551267, 42.26333943966067], [-89.0987035146928, 42.263374999650416], [-89.09840444530442, 42.26376961880361], [-89.09824227451693, 42.26370329172979], [-89.09808120525402, 42.26363738630977], [-89.09792002505338, 42.26357150707079], [-89.09775822374078, 42.26350523763794], [-89.09759799996161, 42.26343964127359], [-89.09758178294545, 42.26343301395128]]], [[[-89.09839006416898, 42.263054694300905], [-89.09834934661075, 42.26303098990548], [-89.09831211555618, 42.263006467295966], [-89.09827489181829, 42.262983700984705], [-89.09823756630924, 42.262964775493074], [-89.09820017873952, 42.26294952654323], [-89.09816282269394, 42.26293241186752], [-89.09812547209901, 42.26291716323781], [-89.09805075964414, 42.26288296126342], [-89.09801349820974, 42.26286024939846], [-89.09798888907636, 42.262832112286596], [-89.0979667921604, 42.26280397113943], [-89.09794717005782, 42.26277585305109], [-89.09792259838693, 42.262747688832526], [-89.09792013392627, 42.26274486685417], [-89.09815337598698, 42.26275894980846], [-89.0981232324026, 42.26272820911875], [-89.09822069778728, 42.26259855158228], [-89.09824227625774, 42.26256988438818], [-89.09862522959776, 42.26260034402303], [-89.09866049409149, 42.26263412337284], [-89.0986652160262, 42.2626345240845], [-89.09863599674884, 42.2628182183487], [-89.09886739840479, 42.26287133166105], [-89.09881004086083, 42.26322286927], [-89.09878520607907, 42.26321026199552], [-89.09874648556446, 42.26318860699247], [-89.0987076623802, 42.2631708476826], [-89.09866890497908, 42.26314919230977], [-89.09863018048635, 42.263125588899115], [-89.0985914312487, 42.26310783023852], [-89.09851361846373, 42.2630799935101], [-89.09847479992659, 42.26306415505451], [-89.09843578095987, 42.26305800149227], [-89.09839006416898, 42.263054694300905]]]]}, "properties": {"pin": "11-27-232-008", "house_number": "110", "street_prefix": null, "street_name": "MILL", "street_suffix": "ST", "street_postdir": null, "city": "ROCKFORD", "owner_name": "R A G", "owner_address": "126 MILL ST", "owner_city": "ROCKFORD", "owner_state": "IL", "owner_zip": "61101", "address": "126 Mill Street", "building_name": "Rockford Bolt & Steel", "quadrant": "Southwest", "original_owner": "Rockford Bolt & Steel", "current_owner": "Rockford Bolt & Steel", "current_tenants": "Rockford Bolt & Steel", "original_industry": "Rockford Bolt & Steel", "later_industries": null, "building_sqft": "46,741", "year_built": "1870", "year_built_additions": null, "architect": null, "contractor": null, "historic_status": null, "historic_criteria": "A", "resource_status": "Contributing", "land_sqft": "76,059", "stories": "1", "style": "Industrial", "structural_system": "Heavy Timber, mas. bearing, steel", "notes": null, "tif_district": "South Rockford", "oz": "N", "rerz": "Y", "tif": "N", "id": "126-mill-street"}}, {"type": "Feature", "geometry": {"type": "MultiPolygon", "coordinates": [[[[-89.10116512878096, 42.26370723421955], [-89.10025073977872, 42.26347958535762], [-89.10083175702997, 42.26352697197898], [-89.1008313186094, 42.26352969659705], [-89.10117862884786, 42.2635911269446], [-89.10146694901067, 42.26361463329809], [-89.10153117727708, 42.26361986744018], [-89.10157994987709, 42.26362383291025], [-89.10163607260522, 42.2632723373242], [-89.10176545562018, 42.263282868867975], [-89.10234216312422, 42.263329878519926], [-89.10231346200786, 42.2635097367494], [-89.10228476117955, 42.26368956752731], [-89.10225824728357, 42.263855780272195], [-89.1022484232612, 42.26386877858184], [-89.10211892973565, 42.26404040179702], [-89.10197575549628, 42.26423022862437], [-89.10185901901372, 42.26426937369592], [-89.10151103778628, 42.264181979722736], [-89.10131605961229, 42.264133024455184], [-89.10129523531177, 42.2641277852337], [-89.101312379013, 42.26410573935474], [-89.10128997758804, 42.26409995723637], [-89.10135350605793, 42.26372576979025], [-89.10116512878096, 42.26370723421955]]]]}, "properties": {"pin": "11-27-211-025", "house_number": "907", "street_prefix": "S", "street_name": "MAIN", "street_suffix": "ST", "street_postdir": null, "city": "ROCKFORD", "owner_name": "WINNEBAGO COUNTY TRUSTEE", "owner_address": "127 N WYMAN STREET", "owner_city": "ROCKFORD", "owner_state": "IL", "owner_zip": "61101", "address": "907 S. Main Street", "building_name": "Nelson Knitting Building", "quadrant": "Southwest", "original_owner": "Nelson Knitting", "current_owner": "Nelson Cook Building Co Inc, C/O John R Cook III", "current_tenants": null, "original_industry": "Hosiery/textile - est. 1870", "later_industries": null, "building_sqft": "50,575", "year_built": "1926", "year_built_additions": null, "architect": "Holm-Page Co.", "contractor": "Holm-Page Co.", "historic_status": null, "historic_criteria": "A&C", "resource_status": "Contributing", "land_sqft": "67,500", "stories": "1", "style": "Industrial Sawtooth", "structural_system": "Steel, concrete and brick.", "notes": "Sawtooth roof system w/south-facing glass", "tif_district": "South Rockford", "oz": "N", "rerz": "Y", "tif": "N", "id": "907-s-main-street"}}, {"type": "Feature", "geometry": {"type": "MultiPolygon", "coordinates": [[[[-89.10152330600086, 42.241278869272456], [-89.10152342547411, 42.2412344427742], [-89.10027162236082, 42.241241497638015], [-89.10013666544255, 42.241169910421974], [-89.10006206733254, 42.24111282462795], [-89.099785599395, 42.24112858397452], [-89.09978577595328, 42.2410654978668], [-89.09978612980976, 42.240928321659474], [-89.09931506398897, 42.24092950922463], [-89.0993149998264, 42.24091578793349], [-89.09901744004631, 42.24091653078578], [-89.09878728024982, 42.240903269424464], [-89.09856302014512, 42.24086257442377], [-89.09835054227283, 42.2407955132554], [-89.09815542006994, 42.2407038449958], [-89.09795913980689, 42.240594226376665], [-89.09775272916609, 42.24049636701688], [-89.09752861756613, 42.240423095743544], [-89.09745937838491, 42.24042063913441], [-89.0972711867506, 42.24038723791972], [-89.09707891161973, 42.240371182070206], [-89.09945657679937, 42.24035782248251], [-89.09945707030231, 42.240234313373584], [-89.10001465341006, 42.24023118575687], [-89.10002031926182, 42.23884898794161], [-89.10026403705442, 42.23884763207887], [-89.10091763303787, 42.238843938360475], [-89.100917291481, 42.238973952533875], [-89.10141798771456, 42.23897111267431], [-89.10141691440697, 42.23938618129059], [-89.10182690597388, 42.23938389664558], [-89.101826326393, 42.239600650858094], [-89.10182202840257, 42.24127717026633], [-89.10152330600086, 42.241278869272456]]]]}, "properties": {"pin": "11-34-477-004", "house_number": "202", "street_prefix": null, "street_name": "QUAKER", "street_suffix": "RD", "street_postdir": null, "city": "ROCKFORD", "owner_name": "ROCK RIVER VALLEY IND PARK", "owner_address": "202 QUAKER RD", "owner_city": "ROCKFORD", "owner_state": "IL", "owner_zip": "61104", "address": "202 Quaker Road", "building_name": "Quaker Oats", "quadrant": "Southeast", "original_owner": "Schumass Meatpacking", "current_owner": "Rock River Valley Industrial Park", "current_tenants": "multiple", "original_industry": "Meatpacking/cereals/dog food, Chappel Bros.", "later_industries": "Canning, storage", "building_sqft": "445,000", "year_built": "1905-1916", "year_built_additions": "1924,1955,1970,", "architect": "Frank E. Carpenter", "contractor": null, "historic_status": null, "historic_criteria": "A&C", "resource_status": "Contributing", "land_sqft": "533,226", "stories": "4", "style": "Industrial", "structural_system": "Steel, concrete and brick.", "notes": "Multiple bldgs and additions", "tif_district": null, "oz": "Y", "rerz": "N", "tif": "N", "id": "202-quaker-road"}}, {"type": "Feature", "geometry": {"type": "MultiPolygon", "coordinates": [[[[-89.07151874337002, 42.245188058221245], [-89.07170715693555, 42.24518692102636], [-89.07189557097523, 42.24518575608501], [-89.07204280042242, 42.245184856345304], [-89.07208306137407, 42.245184609459955], [-89.07208148048403, 42.24545763573995], [-89.07204121935875, 42.24545788262272], [-89.0718933979733, 42.24545880414983], [-89.07170498359541, 42.24545994164131], [-89.07151660614406, 42.24546107917576], [-89.07151874337002, 42.245188058221245]]]]}, "properties": {"pin": "11-36-183-004", "house_number": "2110", "street_prefix": null, "street_name": "11TH", "street_suffix": "ST", "street_postdir": null, "city": "ROCKFORD", "owner_name": "REALINGTON ENTERPRISES LLC NEXT", "owner_address": "920 22ND ST", "owner_city": "ROCKFORD", "owner_state": "IL", "owner_zip": "61108", "address": "2062 11th Street", "building_name": "Sun-Ray Fixture Co.", "quadrant": "Southeast", "original_owner": "Rockford Woodturning", "current_owner": null, "current_tenants": null, "original_industry": null, "later_industries": null, "building_sqft": "23,996", "year_built": "pre1928", "year_built_additions": null, "architect": null, "contractor": null, "historic_status": null, "historic_criteria": "A&C", "resource_status": "Contributing", "land_sqft": "15,211", "stories": "2", "style": "Mill", "structural_system": "wood framed masonry bearing", "notes": null, "tif_district": null, "oz": "N", "rerz": "N", "tif": "N", "id": "2062-11th-street"}}, {"type": "Feature", "geometry": {"type": "MultiPolygon", "coordinates": [[[[-89.06755638099736, 42.24527616846327], [-89.0675511224805, 42.245231237755945], [-89.06754869419574, 42.24519041435659], [-89.0675326084083, 42.24519050545038], [-89.06753671916465, 42.24440575505576], [-89.06753867034429, 42.24437632919363], [-89.0675493858388, 42.244197322234314], [-89.06762569193604, 42.24363111529469], [-89.0676646954515, 42.2433239337628], [-89.0676830186282, 42.243015688685965], [-89.06768620811438, 42.24253615419245], [-89.06773352403535, 42.242505955594886], [-89.06773396220551, 42.242442405620324], [-89.06773748609714, 42.24191378169784], [-89.06980191428049, 42.24190127342074], [-89.06997912699906, 42.24190019656756], [-89.07015633971736, 42.241899119440426], [-89.0703335524354, 42.24189804203938], [-89.07051076515319, 42.24189696436444], [-89.0706879778707, 42.24189588641556], [-89.07086519106275, 42.241894780755935], [-89.07104240330493, 42.241893729696045], [-89.07104004505835, 42.2421901012728], [-89.07103772368555, 42.242486473186894], [-89.07086050930941, 42.242487551656964], [-89.07068325800792, 42.24248862950026], [-89.07050608055629, 42.24248970777537], [-89.0703543515906, 42.242490617426114], [-89.07033312279509, 42.245173464938915], [-89.07033304781343, 42.24518419378708], [-89.07033292972886, 42.24519527896067], [-89.07032954580414, 42.24562744774176], [-89.07032783894509, 42.24581559669427], [-89.07044973127032, 42.24581484096855], [-89.07044410866531, 42.24643819954977], [-89.07032225159197, 42.246438983045294], [-89.07011920586397, 42.246440279908526], [-89.06991616061052, 42.24644154897536], [-89.06971315228385, 42.24644281803579], [-89.069510069151, 42.24644414090377], [-89.0693074104114, 42.24640246689936], [-89.06910487767027, 42.24634395333787], [-89.06906340599794, 42.24632971056864], [-89.06896478141172, 42.24629248232599], [-89.06891210358046, 42.24627060817115], [-89.06887008180941, 42.24625894126723], [-89.06886188281864, 42.24625666576214], [-89.06880839075168, 42.246241815607966], [-89.06879835855464, 42.24623903032046], [-89.06880299383918, 42.24622038542818], [-89.0687676731663, 42.24620259804385], [-89.0687661996335, 42.24620184645159], [-89.0687637651179, 42.24620060372117], [-89.06873406287055, 42.24618495050885], [-89.06865927313984, 42.24614301074174], [-89.06862991535193, 42.24612546734806], [-89.0685075937198, 42.246105025454725], [-89.06845617302001, 42.24609107309323], [-89.06825319542557, 42.24602078314959], [-89.06810571141358, 42.24595216324369], [-89.06788788042375, 42.24583107537951], [-89.06776253443985, 42.24570835132197], [-89.06766405883205, 42.24557277365211], [-89.06759479263464, 42.24542756291608], [-89.06755638099736, 42.24527616846327]]]]}, "properties": {"pin": "11-36-330-013", "house_number": "2140", "street_prefix": null, "street_name": "12TH", "street_suffix": "ST", "street_postdir": null, "city": "ROCKFORD", "owner_name": "TUNEBERG", "owner_address": "CLEVELAND BELDEN & ASSOCIATES TRUST", "owner_city": "ROCKFORD", "owner_state": "IL", "owner_zip": "61114", "address": "2136 12th Street", "building_name": "Greenlee Bros. Building", "quadrant": "Southeast", "original_owner": "Greenlee Bros. & Co.", "current_owner": "James E Tuneberg, Trustee", "current_tenants": "Buss Machine Works", "original_industry": "die casting machinery", "later_industries": "metal working, wood working, foundry and die", "building_sqft": "636,300", "year_built": "1905", "year_built_additions": null, "architect": null, "contractor": null, "historic_status": null, "historic_criteria": "A&C", "resource_status": "Contributing", "land_sqft": "1,201,411", "stories": "3", "style": "Industrial Sawtooth", "structural_system": "Steel Truss", "notes": "Sawtooth roofs", "tif_district": null, "oz": "N", "rerz": "N", "tif": "N", "id": "2136-12th-street-4"}}, {"type": "Feature", "geometry": {"type": "MultiPolygon", "coordinates": [[[[-89.06740955389546, 42.25127244199089], [-89.06760087510725, 42.25127081806805], [-89.06779533680671, 42.25126914159352], [-89.06782056818916, 42.25126891685007], [-89.06781867592754, 42.25149281982268], [-89.06798794377023, 42.25149136812534], [-89.06818240615104, 42.25148969100228], [-89.06818035692108, 42.251729096812035], [-89.06817990343364, 42.25179141168395], [-89.06817949717068, 42.251840363089634], [-89.06817932814181, 42.25185010313562], [-89.06823101055281, 42.25184963771561], [-89.06881451606895, 42.25184435828849], [-89.06881365722325, 42.25194711777355], [-89.06881305035961, 42.25201618174088], [-89.06830341680681, 42.25202145520639], [-89.06830286440602, 42.25208947692086], [-89.06830169743273, 42.252226974141365], [-89.06830053092416, 42.25236444392183], [-89.06822664412084, 42.252365190643054], [-89.06817496033646, 42.252365710929624], [-89.06798048907274, 42.25236774468615], [-89.0677860182798, 42.25236975067598], [-89.06759154748147, 42.25237175633589], [-89.06740224841634, 42.252373728914414], [-89.06740955389546, 42.25127244199089]]]]}, "properties": {"pin": "11-36-128-008", "house_number": "1827", "street_prefix": null, "street_name": "BROADWAY", "street_suffix": "AVE", "street_postdir": null, "city": "ROCKFORD", "owner_name": "MIDTOWN INDUSTRIAL INC", "owner_address": "315 WOOD RD", "owner_city": "ROCKFORD", "owner_state": "IL", "owner_zip": "61107", "address": "1827 Broadway", "building_name": "Abrasive Precision Machining", "quadrant": "Southeast", "original_owner": "National Chair Company", "current_owner": "Joseph Klinck", "current_tenants": null, "original_industry": "Furniture mfg", "later_industries": null, "building_sqft": "46,350", "year_built": "1931", "year_built_additions": null, "architect": null, "contractor": null, "historic_status": null, "historic_criteria": "A", "resource_status": "Contributing", "land_sqft": "94,357", "stories": "2", "style": "Industrial", "structural_system": "Brick and Concrete Block", "notes": null, "tif_district": "Broadway", "oz": "N", "rerz": "N", "tif": "Y", "id": "1827-broadway"}}, {"type": "Feature", "geometry": {"type": "MultiPolygon", "coordinates": [[[[-89.07810660399966, 42.24576475368845], [-89.07829399014878, 42.245763321507255], [-89.07829181807327, 42.24619690160302], [-89.07829169612963, 42.24621473732001], [-89.07810401322557, 42.246216166677904], [-89.07810391790915, 42.246236746781726], [-89.07791619895835, 42.246238120607195], [-89.07772851551745, 42.24623957678648], [-89.0775408334903, 42.24624095034792], [-89.07735315004523, 42.24624240591267], [-89.0771654680144, 42.246243778859586], [-89.07716567394574, 42.24622322724936], [-89.07716583313396, 42.24620539188806], [-89.07716978542057, 42.245771828741844], [-89.07735713418069, 42.24577042517806], [-89.07754452033792, 42.24576899422191], [-89.07760203227703, 42.24576857992728], [-89.07773186909415, 42.24576759004572], [-89.07791925524734, 42.245766158477046], [-89.07810660399966, 42.24576475368845]]]]}, "properties": {"pin": "11-35-280-016", "house_number": "1216", "street_prefix": null, "street_name": "20TH", "street_suffix": "AVE", "street_postdir": null, "city": "ROCKFORD", "owner_name": "MERLO", "owner_address": "1216 20TH AVE", "owner_city": "ROCKFORD", "owner_state": "IL", "owner_zip": "61104", "address": "2031 9th Street  (Office)", "building_name": "Rockford Drop Forge", "quadrant": "Southeast", "original_owner": "Rockford Drop Forge", "current_owner": null, "current_tenants": null, "original_industry": "Drop Forge Office", "later_industries": null, "building_sqft": "7,536", "year_built": "1919", "year_built_additions": null, "architect": null, "contractor": null, "historic_status": null, "historic_criteria": "A&C", "resource_status": "Contributing", "land_sqft": "19,286", "stories": "2", "style": "Commercial", "structural_system": "Steel Frame & Conc, mas. ext.", "notes": null, "tif_district": null, "oz": "N", "rerz": "N", "tif": "N", "id": "2031-9th-street-office"}}, {"type": "Feature", "geometry": {"type": "MultiPolygon", "coordinates": [[[[-89.09995071917464, 42.26859257365817], [-89.10007957202845, 42.26841823041071], [-89.10025790597838, 42.26849050384745], [-89.1002925901966, 42.26850456587309], [-89.10040458605336, 42.26854992488972], [-89.10043624261971, 42.26856277874683], [-89.10051104010093, 42.26859309185672], [-89.10061458209691, 42.26863504653479], [-89.10061521969328, 42.26863530457851], [-89.10072839026073, 42.26868114070038], [-89.10079296925939, 42.26870724931549], [-89.10083165217485, 42.26872301540043], [-89.10082997513774, 42.268725380343085], [-89.10070611704701, 42.26890007956973], [-89.10059830756191, 42.26885618671164], [-89.10048961766056, 42.26881192883041], [-89.10038235889044, 42.26876826041935], [-89.10027682445886, 42.26872532141535], [-89.10016523566107, 42.26867991117795], [-89.09995071917464, 42.26859257365817]]]]}, "properties": {"pin": "11-22-484-002", "house_number": "502", "street_prefix": null, "street_name": "CEDAR", "street_suffix": "ST", "street_postdir": null, "city": "ROCKFORD", "owner_name": "502 CEDAR ST RH LLC", "owner_address": "200 PRAIRIE ST STE 201", "owner_city": "ROCKFORD", "owner_state": "IL", "owner_zip": "61107", "address": "502 Cedar Street", "building_name": "Bartlett/Mack Building", "quadrant": "Southwest", "original_owner": "A.L. Bartlett Company", "current_owner": "Cedar St. RH, LLC", "current_tenants": "Storage", "original_industry": "Milling warehouse", "later_industries": "Paper distribution", "building_sqft": "16,906", "year_built": "1924", "year_built_additions": "1926, 1930", "architect": "Carpenter, Frank A., Willis Hubbard", "contractor": "W.D. Reichenbach & Sons", "historic_status": null, "historic_criteria": "A&C", "resource_status": "Contributing", "land_sqft": ".39 ac", "stories": "3", "style": "Warehouse", "structural_system": "Reinforced Concrete", "notes": "Third floor added 1926, and eastern 3 bays added 1930", "tif_district": "West Side #2", "oz": "N", "rerz": "Y", "tif": "Y", "id": "502-cedar-street"}}, {"type": "Feature", "geometry": {"type": "MultiPolygon", "coordinates": [[[[-89.10026315673444, 42.2634033162929], [-89.10027997427454, 42.26329979950321], [-89.10030203446068, 42.263163594004816], [-89.10070597159364, 42.263196519440974], [-89.10088220760814, 42.263210890194465], [-89.10084392212147, 42.26345067306848], [-89.10066768545006, 42.26343630224929], [-89.10026315673444, 42.2634033162929]]]]}, "properties": {"pin": "11-27-211-020", "house_number": "917", "street_prefix": "S", "street_name": "MAIN", "street_suffix": "ST", "street_postdir": null, "city": "ROCKFORD", "owner_name": "CCS", "owner_address": "917 S MAIN STREET", "owner_city": "ROCKFORD", "owner_state": "IL", "owner_zip": "61101", "address": "917 S. Main Street", "building_name": "Mott Brothers", "quadrant": "Southwest", "original_owner": "W. Stanhouse & Sons", "current_owner": "CCS", "current_tenants": "CCS", "original_industry": "Garments, Overalls", "later_industries": null, "building_sqft": "36,432", "year_built": "1916-17", "year_built_additions": null, "architect": null, "contractor": null, "historic_status": "Undetermined", "historic_criteria": "A&C", "resource_status": "Contributing", "land_sqft": null, "stories": "3", "style": "Commercial", "structural_system": "Reinforced Concrete, Mas. Ext.", "notes": null, "tif_district": "South Rockford", "oz": "N", "rerz": "Y", "tif": "N", "id": "917-s-main-street"}}, {"type": "Feature", "geometry": {"type": "MultiPolygon", "coordinates": [[[[-89.09656447117285, 42.272796746499004], [-89.09652199445775, 42.27285485483782], [-89.09628037898864, 42.27275479928403], [-89.09624258768586, 42.2727390794409], [-89.09603538875837, 42.272653339651846], [-89.0959895974223, 42.272634389293316], [-89.09605793903505, 42.27254351081601], [-89.09614385728966, 42.27242925179533], [-89.0961920150358, 42.272365132109776], [-89.0962031694976, 42.27236973659666], [-89.09624099797865, 42.272385429359076], [-89.09647527308042, 42.2724824802844], [-89.09654703032061, 42.272384032163636], [-89.09656257726287, 42.27236269075048], [-89.09666421936139, 42.272223112588996], [-89.09691052378201, 42.27232329340461], [-89.09656447117285, 42.272796746499004]]], [[[-89.09576069352288, 42.272894452920696], [-89.0958790405424, 42.272737331873], [-89.09592621412688, 42.272674630058205], [-89.09595307479084, 42.27268561037922], [-89.09579375815206, 42.2729078237196], [-89.09576069352288, 42.272894452920696]]]]}, "properties": {"pin": "11-23-304-023", "house_number": "1", "street_prefix": null, "street_name": "COURT", "street_suffix": "PL", "street_postdir": null, "city": "ROCKFORD", "owner_name": "WORKSPACE INVESTMENTS LLC", "owner_address": "1 COURT PL #202", "owner_city": "ROCKFORD", "owner_state": "IL", "owner_zip": "61101", "address": "415 W. State Street", "building_name": "One Court Place", "quadrant": "Northwest", "original_owner": "Sovereign Storage  / Forshay Transfer & Storage", "current_owner": "Fridh Corp.", "current_tenants": "Lawyer condo offices .", "original_industry": "Warehouse", "later_industries": null, "building_sqft": "30,000", "year_built": "1911-12", "year_built_additions": null, "architect": null, "contractor": null, "historic_status": null, "historic_criteria": "A", "resource_status": "Contributing", "land_sqft": "27,494", "stories": "4", "style": "Warehouse", "structural_system": "Concrete Masonry bearing", "notes": null, "tif_district": null, "oz": "N", "rerz": "Y", "tif": "N", "id": "415-w-state-street"}}, {"type": "Feature", "geometry": {"type": "MultiPolygon", "coordinates": [[[[-89.07631177342134, 42.247769499339164], [-89.07631537924352, 42.247482936300955], [-89.07630259836259, 42.24748303431855], [-89.07610105756376, 42.2474846853726], [-89.07608092564054, 42.247484850669224], [-89.07608213491598, 42.247391067677704], [-89.07610230420998, 42.24739087529484], [-89.07630377085415, 42.247389223532906], [-89.07630438957503, 42.247389219124884], [-89.07650520056721, 42.24738757106592], [-89.07670666720519, 42.247385918595945], [-89.07690813384002, 42.24738426577188], [-89.07690367303495, 42.247765712857344], [-89.07670210101462, 42.247766980490645], [-89.07650052852117, 42.247768275206404], [-89.07631177342134, 42.247769499339164]]]]}, "properties": {"pin": "11-36-154-009", "house_number": "1313", "street_prefix": null, "street_name": "18TH", "street_suffix": "AVE", "street_postdir": null, "city": "ROCKFORD", "owner_name": "AHS1LLC", "owner_address": "4002 BUCKINGHAM DR", "owner_city": "ROCKFORD", "owner_state": "IL", "owner_zip": "61107", "address": "1313 18th Avenue", "building_name": "Mechanics Universal Joint", "quadrant": "Southeast", "original_owner": "Mechanics Universal Joint", "current_owner": "Anthony H Shun", "current_tenants": "Captain Kirk's Storage", "original_industry": "Machine tool/universal joint", "later_industries": "storage", "building_sqft": "73,800", "year_built": "1926", "year_built_additions": "1928, east half destroyed by tornado", "architect": "Ross P. Beckstrom Co.", "contractor": null, "historic_status": null, "historic_criteria": "A&C", "resource_status": "Contributing", "land_sqft": "24,330", "stories": "6", "style": "Industrial Daylighting", "structural_system": "reinforced concrete", "notes": null, "tif_district": null, "oz": "N", "rerz": "N", "tif": "N", "id": "1313-18th-avenue"}}, {"type": "Feature", "geometry": {"type": "MultiPolygon", "coordinates": [[[[-89.11605632708702, 42.270584429657525], [-89.11605197880341, 42.27057914682422], [-89.11605028796593, 42.27057709038956], [-89.1160476328579, 42.27057386229711], [-89.11604560471986, 42.27057139801352], [-89.11604545757653, 42.27057122001233], [-89.1160442231923, 42.27056976632199], [-89.11604408728007, 42.27056960728956], [-89.1160387827409, 42.27056336554118], [-89.11603804212194, 42.270562492640984], [-89.11603633660614, 42.27056048580893], [-89.11603433440965, 42.270558128097726], [-89.11603416668588, 42.270557937902424], [-89.11603180749319, 42.270555245910245], [-89.11602978597159, 42.270552939474264], [-89.11602548909133, 42.27054803785844], [-89.11602330663071, 42.27054554986458], [-89.11602296217569, 42.27054515567076], [-89.11602281252425, 42.2705449896521], [-89.11602063562334, 42.27054258403293], [-89.11601908916833, 42.27054087193641], [-89.11601598708002, 42.27053744422906], [-89.11601262876037, 42.27053373290112], [-89.11601133850895, 42.27053230613985], [-89.11600658985961, 42.27052721515572], [-89.1160060612058, 42.270526649481404], [-89.11600184121104, 42.27052212417143], [-89.11599946802724, 42.27051957954718], [-89.11599732964022, 42.27051735779387], [-89.1159970436212, 42.270517060179785], [-89.11599273740195, 42.27051258210168], [-89.1159873529256, 42.270506982773156], [-89.11598591983854, 42.27050553583703], [-89.11598240856894, 42.270501996329834], [-89.1159791153911, 42.27049867320562], [-89.11597743245851, 42.270496975293796], [-89.11597518401621, 42.27049470622461], [-89.11597499551296, 42.270494515838806], [-89.11597477280387, 42.27049429941344], [-89.11597459786901, 42.27049412630274], [-89.11597247553368, 42.27049205047778], [-89.11597219607123, 42.27049177521971], [-89.11596743797001, 42.270487114632196], [-89.11596519979105, 42.2704849228354], [-89.1159644113161, 42.270484150685945], [-89.11596392730236, 42.27048367803471], [-89.11596240035016, 42.27048218221607], [-89.11596199569432, 42.270481797760944], [-89.115959510949, 42.27047943562718], [-89.11595812424176, 42.270478116031505], [-89.11595213632836, 42.27047242198832], [-89.11595099510572, 42.270471337892545], [-89.11594956743731, 42.270469981904796], [-89.11594695650257, 42.27046757059235], [-89.11594582842126, 42.27046652949391], [-89.11594376101817, 42.27046462224943], [-89.11593835261381, 42.270459629837326], [-89.1159367605587, 42.27045816086309], [-89.11593650127823, 42.27045792180654], [-89.11593599614325, 42.2704574695426], [-89.1159331679462, 42.2704549310384], [-89.11593118383578, 42.2704531531878], [-89.11592911555057, 42.27045129910245], [-89.1159283464606, 42.27045061116921], [-89.11592602334201, 42.270448528358436], [-89.11592586408528, 42.27044838454769], [-89.11592565246512, 42.27044819566508], [-89.1159234726977, 42.27044624108357], [-89.11592320421033, 42.27044600022754], [-89.11592170186168, 42.270444691577374], [-89.11592149243648, 42.27044450957521], [-89.11591508691068, 42.27043893347426], [-89.1159141855017, 42.270438148284114], [-89.11590967614822, 42.27043422231215], [-89.11590662011578, 42.27043163712764], [-89.1159041743437, 42.27042957034336], [-89.11589898002158, 42.27042517502342], [-89.11589592399004, 42.270422589838624], [-89.11589573263716, 42.27042243201309], [-89.11589493530026, 42.27042177640734], [-89.11589312872171, 42.27042029346128], [-89.11589126521908, 42.27041876197143], [-89.11588753821414, 42.27041569899161], [-89.11588344897035, 42.27041233941396], [-89.11588194770736, 42.27041110452167], [-89.11587626843894, 42.27040657098096], [-89.115875639452, 42.27040606784461], [-89.11587249218009, 42.270403553856475], [-89.11587059148022, 42.270402037461146], [-89.1158684993707, 42.27040036666984], [-89.11586775186095, 42.27039976983315], [-89.11586699494485, 42.27039918320074], [-89.11586486786068, 42.27039753266983], [-89.1158630873093, 42.27039615115148], [-89.11585974506646, 42.2703935581979], [-89.11585373540375, 42.270388896427846], [-89.11585333873124, 42.270388587508954], [-89.11585171261963, 42.27038736176273], [-89.11584971021662, 42.27038585129542], [-89.11584748655972, 42.27038417586818], [-89.11584358665175, 42.270381234788275], [-89.11584164581943, 42.270379771192175], [-89.11583891358102, 42.27037771207198], [-89.11583871059862, 42.270377559285016], [-89.11583852808266, 42.27037742555148], [-89.11583824520147, 42.27037721714987], [-89.11583574242715, 42.270375384807615], [-89.11583541160103, 42.27037514338014], [-89.11583346096387, 42.27037371399564], [-89.11582980608489, 42.27037103585258], [-89.11582717102051, 42.270369104538396], [-89.1158238720523, 42.27036668691837], [-89.11581885573176, 42.270363114748776], [-89.11581396719849, 42.27035963464913], [-89.11581183561469, 42.2703581161371], [-89.11581049822976, 42.270357164018534], [-89.11580882534423, 42.270355973859715], [-89.11580853770307, 42.270355773989785], [-89.115805775282, 42.27035386380411], [-89.11580204717825, 42.27035128446373], [-89.11579357272628, 42.27034542355977], [-89.11495379615818, 42.26983315729633], [-89.11445023302421, 42.269525975723866], [-89.114391270121, 42.26949086041636], [-89.1143910004455, 42.26949069157914], [-89.11439064619887, 42.26949047051354], [-89.11438043940524, 42.26948409623587], [-89.1143425955324, 42.269459859634], [-89.11433616371994, 42.269455600384056], [-89.11433282677238, 42.26945338989703], [-89.11432869268604, 42.269450652425974], [-89.1143254362914, 42.26944845811364], [-89.11431489984219, 42.26944135704158], [-89.11431386783197, 42.269440651249035], [-89.11431255041275, 42.269439750748525], [-89.1143100183308, 42.26943801929357], [-89.11430843149338, 42.26943693452225], [-89.11430145172965, 42.26943216086346], [-89.1143011777793, 42.269431971405844], [-89.11429828096334, 42.26942995533057], [-89.1142956945828, 42.26942815648893], [-89.11429553251, 42.26942804352148], [-89.11429525858821, 42.26942785234904], [-89.11429468104362, 42.26942745086574], [-89.11429443907463, 42.26942728228254], [-89.11429157190308, 42.26942528877517], [-89.11429129339217, 42.26942509584552], [-89.11428810891624, 42.269422881611185], [-89.11428736260072, 42.269422353378246], [-89.11428034678512, 42.26941738729844], [-89.11428007745256, 42.26941719788316], [-89.11427682741915, 42.26941489900798], [-89.11427647365834, 42.26941464879011], [-89.11427487373933, 42.26941351759114], [-89.11424204563683, 42.26938954994556], [-89.11424067044386, 42.26938851342276], [-89.11424037622794, 42.26938829290761], [-89.1142280382871, 42.26937899199881], [-89.11422774187655, 42.26937876460317], [-89.11422630548681, 42.26937765891538], [-89.11422542309606, 42.269376981936425], [-89.1142242078385, 42.26937604807087], [-89.11422360817653, 42.26937558807153], [-89.11422262092054, 42.26937482952144], [-89.1142185601336, 42.26937171197147], [-89.1142183047685, 42.26937151582391], [-89.11421416417149, 42.26936833751357], [-89.11420898284732, 42.26936428353674], [-89.11420868424217, 42.26936404926057], [-89.11420656886588, 42.26936239366099], [-89.11420610157568, 42.269362027490686], [-89.11420546560034, 42.26936152942622], [-89.11420500740279, 42.26936117191477], [-89.1142044945066, 42.2693607710243], [-89.11420429848643, 42.26936061658327], [-89.11420042559877, 42.26935758651107], [-89.11419568081199, 42.269353804092376], [-89.11419547797951, 42.269353642728476], [-89.11419272956529, 42.26935145135933], [-89.11419007002583, 42.26934933112405], [-89.11418917897115, 42.26934861976371], [-89.11418895561602, 42.26934844277574], [-89.11418868212283, 42.26934822588079], [-89.11418760188899, 42.26934736528739], [-89.11418682020309, 42.26934674239982], [-89.11418651715164, 42.26934649779232], [-89.11418362576396, 42.26934415589889], [-89.11418020349498, 42.26934138379342], [-89.11417664908316, 42.26933850414012], [-89.11417371895968, 42.26933613101953], [-89.11417120185558, 42.26933405496802], [-89.11417090801103, 42.26933381216005], [-89.1141704182606, 42.2693334080517], [-89.11416385557129, 42.269327995057594], [-89.11416091248026, 42.26932556865017], [-89.11416074618977, 42.2693254316327], [-89.1141257970285, 42.26929557548525], [-89.11409870679341, 42.26927136375304], [-89.11409289824655, 42.26926600912907], [-89.11408795618102, 42.26926145482451], [-89.11408776061799, 42.2692612729462], [-89.11408757186727, 42.26926109799073], [-89.11408731713075, 42.269260864116895], [-89.11408452885348, 42.269258293346724], [-89.11408378542339, 42.26925759191595], [-89.114083398915, 42.269257228201674], [-89.11407405011619, 42.26924842121391], [-89.11407209485743, 42.26924658013785], [-89.11407159467699, 42.26924610904527], [-89.11407053745145, 42.26924511488576], [-89.11406942834992, 42.269244046501676], [-89.11406919653056, 42.26924382312862], [-89.11406898289648, 42.2692436170733], [-89.11406223277272, 42.269237118422744], [-89.11405903724086, 42.269234043110686], [-89.11405673492463, 42.26923182667657], [-89.1140565213477, 42.26923161719158], [-89.11405444934101, 42.26922957609439], [-89.11405417214424, 42.26922930428258], [-89.11405397219198, 42.26922910864329], [-89.1140450955689, 42.26922037459035], [-89.11404458210657, 42.26921986907413], [-89.11404384597479, 42.26921914541406], [-89.11404311893563, 42.26921843041283], [-89.11404120660715, 42.26921650740648], [-89.11403918300114, 42.26921447189853], [-89.1140339751841, 42.26920923598089], [-89.11403336424021, 42.26920862151982], [-89.11403079100184, 42.26920603385632], [-89.11402969404496, 42.26920492956665], [-89.1140269855304, 42.26920214514227], [-89.1140261319083, 42.26920126604649], [-89.11402590941016, 42.26920103761369], [-89.11402570053667, 42.26920082302658], [-89.11402012457312, 42.26919509150126], [-89.11401988166655, 42.26919484058507], [-89.11401646256141, 42.26919132415927], [-89.11399577584515, 42.269169465957575], [-89.11399539934352, 42.269169056027714], [-89.1139903756168, 42.269163581686804], [-89.11398230584598, 42.26915479157741], [-89.11382673666847, 42.268968186845484], [-89.11370761966917, 42.268767326672396], [-89.11362726949109, 42.26855611471174], [-89.11362568850141, 42.268550241482565], [-89.11362381380715, 42.2685432850563], [-89.11362375942687, 42.268543083892645], [-89.1136237050466, 42.26854288272897], [-89.1136208105809, 42.26853212832784], [-89.11362016041222, 42.2685297092407], [-89.11362009970502, 42.26852947200227], [-89.11362005854956, 42.26852930869181], [-89.11361853836395, 42.26852325079227], [-89.11361844089053, 42.26852286400431], [-89.11361692059104, 42.268516812964], [-89.11361685777486, 42.26851656370066], [-89.11361681012121, 42.268516374604324], [-89.11361674513896, 42.26851611674568], [-89.11361058071232, 42.268489560445914], [-89.11361045855918, 42.26848899163288], [-89.11360801216384, 42.26847753816323], [-89.11360739085349, 42.26847463397348], [-89.11360693239824, 42.268472350422904], [-89.1136055464307, 42.26846544307617], [-89.11360549532986, 42.268465183629914], [-89.11360439302571, 42.26845968525319], [-89.11360431673127, 42.268459274648585], [-89.11360404729204, 42.268457843513126], [-89.11360394762754, 42.26845731092326], [-89.11360387560815, 42.26845692093887], [-89.11360353851025, 42.26845511529479], [-89.11360301468017, 42.268452320050166], [-89.11360095153739, 42.26844128686394], [-89.1136008988985, 42.26844098109641], [-89.11360077900056, 42.26844027681279], [-89.11360053701011, 42.26843886136509], [-89.11360043811638, 42.26843828247515], [-89.11360035184798, 42.2684377774496], [-89.11360026766002, 42.26843728616377], [-89.11359780378159, 42.26842286030038], [-89.1135977287432, 42.2684223742438], [-89.11359751397315, 42.26842098820243], [-89.11359744939404, 42.2684205674149], [-89.11359741385537, 42.26842034412823], [-89.11359719489592, 42.268418932322156], [-89.1135971699307, 42.26841876744526], [-89.11359665286967, 42.26841542686746], [-89.11359643610486, 42.268414021941865], [-89.11359622338674, 42.26841265135504], [-89.1135955770249, 42.268408477776276], [-89.11359506210155, 42.26840514750855], [-89.11359497877001, 42.268404604778205], [-89.11359494742078, 42.268404407256185], [-89.11359485465762, 42.268403737523315], [-89.11359478874026, 42.26840325841083], [-89.11359383614347, 42.26839639620535], [-89.11359238473493, 42.26838592946736], [-89.11359002448538, 42.2683697174424], [-89.11358999593024, 42.26836949078966], [-89.11358996731799, 42.268369267566584], [-89.11358994075765, 42.268369059798054], [-89.11358927318763, 42.26836380209419], [-89.11358846677454, 42.268357452324736], [-89.11358842801707, 42.268357144969606], [-89.11358809330612, 42.268354502388526], [-89.11358799934756, 42.26835376575656], [-89.11358796249924, 42.26835348243007], [-89.11358792055145, 42.268353089291644], [-89.11358789649974, 42.26835286954061], [-89.11358676122616, 42.26834241599595], [-89.11358671907857, 42.268342034861256], [-89.11358623234528, 42.26833756603948], [-89.11358619641044, 42.26833722783883], [-89.11358617087772, 42.26833695833687], [-89.11358612804842, 42.26833647943638], [-89.1135847284704, 42.26832095711953], [-89.11358470578887, 42.268320655057245], [-89.113584619823, 42.268319438276414], [-89.1135846048352, 42.26831922889905], [-89.11358358868307, 42.268305087312044], [-89.11358357190029, 42.268304847046764], [-89.11358355862184, 42.26830467370179], [-89.11358353719628, 42.268304296187544], [-89.11358347574226, 42.26830313279925], [-89.11358325391407, 42.26829898026963], [-89.11358321186225, 42.268298177226214], [-89.1135832010924, 42.268297991898734], [-89.11358317650509, 42.268297526886364], [-89.11358281379061, 42.26829074041583], [-89.11358270119575, 42.268288626403795], [-89.11358268683595, 42.26828837930049], [-89.11358267128398, 42.268287926376665], [-89.11358266165593, 42.26828767245647], [-89.11358216666285, 42.26827357338688], [-89.1135821481204, 42.26827302267607], [-89.11358212595944, 42.26827241190421], [-89.11358211305544, 42.26827207734519], [-89.11358210337704, 42.2682715490118], [-89.11358209734232, 42.26827121794602], [-89.11358200563603, 42.26826576829602], [-89.11358199985823, 42.26826542179688], [-89.11358190553253, 42.26825985206724], [-89.11358183722297, 42.2682557712656], [-89.11358183803571, 42.268255167565044], [-89.1135818418475, 42.26825313523072], [-89.11358184279285, 42.268252939720334], [-89.11358184254944, 42.26825239946801], [-89.11358185820824, 42.26824022254664], [-89.11358185958514, 42.26823986239256], [-89.11358186013085, 42.26823969088961], [-89.11358186159003, 42.26823946451249], [-89.1135818769725, 42.26823867914731], [-89.113581969096, 42.26823397724498], [-89.11358198250885, 42.26823331020219], [-89.11358204583703, 42.268230060707886], [-89.11358205488246, 42.26822965603217], [-89.11358217457378, 42.26822357545899], [-89.1135821837905, 42.26822316049435], [-89.11358219163367, 42.268222966762394], [-89.11358221604809, 42.26822233240713], [-89.11358231901177, 42.26821961495145], [-89.11358241356135, 42.26821712552409], [-89.1135825609898, 42.26821326280358], [-89.11358280382413, 42.26820685921115], [-89.11358445133438, 42.26818071423072], [-89.11358655318834, 42.268156960813194], [-89.11605657926522, 42.26781799679802], [-89.11699875051121, 42.267691369858625], [-89.1183376605159, 42.26751140652729], [-89.11963140278166, 42.26733749987767], [-89.12056420840528, 42.26721210099731], [-89.12058654573917, 42.26730376827204], [-89.1193898503893, 42.267463813742616], [-89.11940386203273, 42.26752114819767], [-89.11979720228425, 42.26913070780607], [-89.11978805658296, 42.26913190719633], [-89.11976202186003, 42.269135322646065], [-89.11976852642928, 42.269161996632896], [-89.11977645811649, 42.26919452863881], [-89.11982745231472, 42.26940366445928], [-89.11986136796342, 42.269542753148066], [-89.11988240184168, 42.269539993496075], [-89.11989676617826, 42.26953810767981], [-89.1199309895647, 42.26967814930833], [-89.11994417598265, 42.26973210258404], [-89.1199810468816, 42.26988297164415], [-89.12004429750765, 42.27014177814678], [-89.12005916233163, 42.27020260532605], [-89.12008087716032, 42.27025835664065], [-89.12008787253775, 42.27027631562059], [-89.12011383601566, 42.27034297587545], [-89.12016264865736, 42.27046829968712], [-89.11985046567334, 42.270509279250184], [-89.11913361768859, 42.270611373353255], [-89.11889881476895, 42.27064487448837], [-89.11865286567824, 42.270679864873344], [-89.11838921344275, 42.270717382149314], [-89.11813992992283, 42.2707528897773], [-89.11791109050594, 42.270785428085574], [-89.11758816844079, 42.27083214311232], [-89.1175966833936, 42.270737548642316], [-89.1171911935282, 42.270793938301445], [-89.11617012631437, 42.27093592455038], [-89.1161693223328, 42.270930245419414], [-89.11616878481539, 42.2709264587464], [-89.11616811519201, 42.27092172756977], [-89.11616767275312, 42.27091889020639], [-89.11616737624516, 42.270916999188294], [-89.11616678553813, 42.27091321717325], [-89.11616590060369, 42.27090754587607], [-89.11616348015521, 42.27089338459251], [-89.11614342146027, 42.270804153941995], [-89.11605632708702, 42.270584429657525]], [[-89.116704359775, 42.26859884543601], [-89.11655611348036, 42.26799571286173], [-89.11605655750085, 42.26806458563027], [-89.11529530905256, 42.26816953856405], [-89.11540587499945, 42.26862339152167], [-89.11540060523161, 42.26862410299355], [-89.1154057298117, 42.26864491272446], [-89.11540139120234, 42.26864558985536], [-89.1154296077266, 42.26876017571942], [-89.1154324371832, 42.268771665248316], [-89.11602518983628, 42.26869112901229], [-89.11605650108048, 42.268686874340005], [-89.116704359775, 42.26859884543601]]]]}, "properties": {"pin": "11-21-476-005", "house_number": "500", "street_prefix": "S", "street_name": "INDEPENDENCE", "street_suffix": "AVE", "street_postdir": null, "city": "ROCKFORD", "owner_name": "CITY OF ROCKFORD", "owner_address": "425 E STATE STREET", "owner_city": "ROCKFORD", "owner_state": "IL", "owner_zip": "61104", "address": "500 S. Independence\u00a0Street", "building_name": "North/South Warehouse Buildings", "quadrant": "Southwest", "original_owner": "Emerson-Brantingham Company", "current_owner": "City of Rockford", "current_tenants": "City of Rockford", "original_industry": "Farm implements", "later_industries": null, "building_sqft": "130,200", "year_built": null, "year_built_additions": null, "architect": null, "contractor": null, "historic_status": null, "historic_criteria": "A", "resource_status": "Contributing", "land_sqft": null, "stories": "3", "style": "warehouse", "structural_system": "Reinforced Concrete", "notes": null, "tif_district": "Preston and Central", "oz": "Y", "rerz": "N", "tif": "Y", "id": "500-s-independence-street-5"}}, {"type": "Feature", "geometry": {"type": "MultiPolygon", "coordinates": [[[[-89.08699001096093, 42.24628224653277], [-89.08702558452639, 42.24600462795974], [-89.08702768015677, 42.24576261494339], [-89.08930389300045, 42.24574587684761], [-89.08930253295779, 42.2462946088595], [-89.08766543910274, 42.246306659582366], [-89.08698795889165, 42.246311616902425], [-89.08699001096093, 42.24628224653277]]]]}, "properties": {"pin": "11-35-178-010", "house_number": "2025", "street_prefix": null, "street_name": "KISHWAUKEE", "street_suffix": "ST", "street_postdir": null, "city": "ROCKFORD", "owner_name": "ALDAAS PROPERTIES OF ROCKFORD LLC", "owner_address": "936 MOEN", "owner_city": "ROCKDALE", "owner_state": "IL", "owner_zip": "60436", "address": "2107 Kishwaukee Street", "building_name": "Counselor Scales", "quadrant": "Southeast", "original_owner": "Old Imperial Furn. Co. /Al Carlson Mfg & Furniture Co.", "current_owner": null, "current_tenants": "Vacant", "original_industry": "Furniture", "later_industries": "home scales", "building_sqft": "239,625", "year_built": "pre 1914", "year_built_additions": "1920, 1924", "architect": null, "contractor": null, "historic_status": null, "historic_criteria": "A&C", "resource_status": "Contributing", "land_sqft": "116,475", "stories": "2", "style": "Mill", "structural_system": "Heavy Timber, Wood framed Brick ext.", "notes": null, "tif_district": null, "oz": "Y", "rerz": "N", "tif": "N", "id": "2107-kishwaukee-street"}}, {"type": "Feature", "geometry": {"type": "MultiPolygon", "coordinates": [[[[-89.06755638099736, 42.24527616846327], [-89.0675511224805, 42.245231237755945], [-89.06754869419574, 42.24519041435659], [-89.0675326084083, 42.24519050545038], [-89.06753671916465, 42.24440575505576], [-89.06753867034429, 42.24437632919363], [-89.0675493858388, 42.244197322234314], [-89.06762569193604, 42.24363111529469], [-89.0676646954515, 42.2433239337628], [-89.0676830186282, 42.243015688685965], [-89.06768620811438, 42.24253615419245], [-89.06773352403535, 42.242505955594886], [-89.06773396220551, 42.242442405620324], [-89.06773748609714, 42.24191378169784], [-89.06980191428049, 42.24190127342074], [-89.06997912699906, 42.24190019656756], [-89.07015633971736, 42.241899119440426], [-89.0703335524354, 42.24189804203938], [-89.07051076515319, 42.24189696436444], [-89.0706879778707, 42.24189588641556], [-89.07086519106275, 42.241894780755935], [-89.07104240330493, 42.241893729696045], [-89.07104004505835, 42.2421901012728], [-89.07103772368555, 42.242486473186894], [-89.07086050930941, 42.242487551656964], [-89.07068325800792, 42.24248862950026], [-89.07050608055629, 42.24248970777537], [-89.0703543515906, 42.242490617426114], [-89.07033312279509, 42.245173464938915], [-89.07033304781343, 42.24518419378708], [-89.07033292972886, 42.24519527896067], [-89.07032954580414, 42.24562744774176], [-89.07032783894509, 42.24581559669427], [-89.07044973127032, 42.24581484096855], [-89.07044410866531, 42.24643819954977], [-89.07032225159197, 42.246438983045294], [-89.07011920586397, 42.246440279908526], [-89.06991616061052, 42.24644154897536], [-89.06971315228385, 42.24644281803579], [-89.069510069151, 42.24644414090377], [-89.0693074104114, 42.24640246689936], [-89.06910487767027, 42.24634395333787], [-89.06906340599794, 42.24632971056864], [-89.06896478141172, 42.24629248232599], [-89.06891210358046, 42.24627060817115], [-89.06887008180941, 42.24625894126723], [-89.06886188281864, 42.24625666576214], [-89.06880839075168, 42.246241815607966], [-89.06879835855464, 42.24623903032046], [-89.06880299383918, 42.24622038542818], [-89.0687676731663, 42.24620259804385], [-89.0687661996335, 42.24620184645159], [-89.0687637651179, 42.24620060372117], [-89.06873406287055, 42.24618495050885], [-89.06865927313984, 42.24614301074174], [-89.06862991535193, 42.24612546734806], [-89.0685075937198, 42.246105025454725], [-89.06845617302001, 42.24609107309323], [-89.06825319542557, 42.24602078314959], [-89.06810571141358, 42.24595216324369], [-89.06788788042375, 42.24583107537951], [-89.06776253443985, 42.24570835132197], [-89.06766405883205, 42.24557277365211], [-89.06759479263464, 42.24542756291608], [-89.06755638099736, 42.24527616846327]]]]}, "properties": {"pin": "11-36-330-013", "house_number": "2136", "street_prefix": null, "street_name": "12TH", "street_suffix": "ST", "street_postdir": null, "city": "ROCKFORD", "owner_name": "TUNEBERG", "owner_address": "CLEVELAND BELDEN & ASSOCIATES TRUST", "owner_city": "ROCKFORD", "owner_state": "IL", "owner_zip": "61114", "address": "2136 12th Street", "building_name": "Greenlee Bros. Building", "quadrant": "Southeast", "original_owner": "Greenlee Bros. & Co.", "current_owner": "James E Tuneberg, Trustee", "current_tenants": "Buss Machine Works", "original_industry": "die casting machinery", "later_industries": "metal working, wood working, foundry and die", "building_sqft": "636,300", "year_built": "1905", "year_built_additions": null, "architect": null, "contractor": null, "historic_status": null, "historic_criteria": "A&C", "resource_status": "Contributing", "land_sqft": "1,201,411", "stories": "3", "style": "Industrial Sawtooth", "structural_system": "Steel Truss", "notes": "Sawtooth roofs", "tif_district": null, "oz": "N", "rerz": "N", "tif": "N", "id": "2136-12th-street-5"}}, {"type": "Feature", "geometry": {"type": "MultiPolygon", "coordinates": [[[[-89.0870448803592, 42.24360381244358], [-89.08763514235464, 42.24359926731189], [-89.08763721924534, 42.2433278608712], [-89.08931130929857, 42.24331495051218], [-89.08931037158438, 42.24360054459589], [-89.08930975348592, 42.243781752997876], [-89.0870214462002, 42.24379961065076], [-89.08702201181968, 42.24379486690438], [-89.0870448803592, 42.24360381244358]]]]}, "properties": {"pin": "11-35-326-022", "house_number": "2219", "street_prefix": null, "street_name": "KISHWAUKEE", "street_suffix": "ST", "street_postdir": null, "city": "ROCKFORD", "owner_name": "BARRON METAL FINISHING LLC", "owner_address": "2219 KISHWAUKEE ST", "owner_city": "ROCKFORD", "owner_state": "IL", "owner_zip": "61104", "address": "2219 Kishwaukee Street", "building_name": "2219 Kishwaukee", "quadrant": "Southeast", "original_owner": null, "current_owner": "Barron Metal Finishing LLC", "current_tenants": "Barron Metal", "original_industry": null, "later_industries": null, "building_sqft": "42,803", "year_built": "1938", "year_built_additions": null, "architect": null, "contractor": null, "historic_status": null, "historic_criteria": "A", "resource_status": "Contributing", "land_sqft": "88,400", "stories": "2", "style": "industrial", "structural_system": "Concrete Frame, glass curtainwall , clearstory monitor", "notes": null, "tif_district": null, "oz": "Y", "rerz": "N", "tif": "N", "id": "2219-kishwaukee-street"}}, {"type": "Feature", "geometry": {"type": "MultiPolygon", "coordinates": [[[[-89.07810660399966, 42.24576475368845], [-89.07829399014878, 42.245763321507255], [-89.07829181807327, 42.24619690160302], [-89.07829169612963, 42.24621473732001], [-89.07810401322557, 42.246216166677904], [-89.07810391790915, 42.246236746781726], [-89.07791619895835, 42.246238120607195], [-89.07772851551745, 42.24623957678648], [-89.0775408334903, 42.24624095034792], [-89.07735315004523, 42.24624240591267], [-89.0771654680144, 42.246243778859586], [-89.07716567394574, 42.24622322724936], [-89.07716583313396, 42.24620539188806], [-89.07716978542057, 42.245771828741844], [-89.07735713418069, 42.24577042517806], [-89.07754452033792, 42.24576899422191], [-89.07760203227703, 42.24576857992728], [-89.07773186909415, 42.24576759004572], [-89.07791925524734, 42.245766158477046], [-89.07810660399966, 42.24576475368845]]]]}, "properties": {"pin": "11-35-280-016", "house_number": "2031", "street_prefix": null, "street_name": "9TH", "street_suffix": "ST", "street_postdir": null, "city": "ROCKFORD", "owner_name": "MERLO", "owner_address": "1216 20TH AVE", "owner_city": "ROCKFORD", "owner_state": "IL", "owner_zip": "61104", "address": "2031 9th Street  (Office)", "building_name": "Rockford Drop Forge", "quadrant": "Southeast", "original_owner": "Rockford Drop Forge", "current_owner": null, "current_tenants": null, "original_industry": "Drop Forge Office", "later_industries": null, "building_sqft": "7,536", "year_built": "1919", "year_built_additions": null, "architect": null, "contractor": null, "historic_status": null, "historic_criteria": "A&C", "resource_status": "Contributing", "land_sqft": "19,286", "stories": "2", "style": "Commercial", "structural_system": "Steel Frame & Conc, mas. ext.", "notes": null, "tif_district": null, "oz": "N", "rerz": "N", "tif": "N", "id": "2031-9th-street-office-2"}}, {"type": "Feature", "geometry": {"type": "MultiPolygon", "coordinates": [[[[-89.06862863829383, 42.249083326913826], [-89.06883797752187, 42.249081681334125], [-89.06883426958666, 42.24951486199365], [-89.06862507616647, 42.249516536400826], [-89.06862863829383, 42.249083326913826]]]]}, "properties": {"pin": "11-36-133-004", "house_number": "1800", "street_prefix": null, "street_name": "17TH", "street_suffix": "AVE", "street_postdir": null, "city": "ROCKFORD", "owner_name": "MUSGRAVE", "owner_address": "1028 W 3RD ST", "owner_city": "DIXON", "owner_state": "IL", "owner_zip": "61021", "address": "1802 17th Ave.", "building_name": null, "quadrant": null, "original_owner": null, "current_owner": null, "current_tenants": "Granite Territory", "original_industry": null, "later_industries": null, "building_sqft": "7,436", "year_built": "1925-27", "year_built_additions": null, "architect": null, "contractor": null, "historic_status": null, "historic_criteria": "A&C", "resource_status": "Contributing", "land_sqft": "8,945", "stories": "2", "style": "Industrial", "structural_system": "Steel framing mas. bearing", "notes": null, "tif_district": null, "oz": "N", "rerz": "N", "tif": "N", "id": "1802-17th-ave"}}, {"type": "Feature", "geometry": {"type": "MultiPolygon", "coordinates": [[[[-89.07283176400367, 42.25585075733037], [-89.07350581340607, 42.2558450828193], [-89.07350513191248, 42.25601713324744], [-89.07350444993149, 42.25618921110723], [-89.073503537875, 42.2564216576148], [-89.07350236867926, 42.256718177079485], [-89.07311985470771, 42.25656031018933], [-89.07281590633845, 42.25643485867231], [-89.07259914168466, 42.25634539041513], [-89.07232072244616, 42.256230499057324], [-89.07208415297687, 42.256132882862694], [-89.0720843792475, 42.25603223035682], [-89.072084786303, 42.25585704901854], [-89.07283176400367, 42.25585075733037]]]]}, "properties": {"pin": "11-25-353-001", "house_number": "1100", "street_prefix": null, "street_name": "1TH", "street_suffix": "ST", "street_postdir": null, "city": "ROCKFORD", "owner_name": "BENSON REALTY, LLC", "owner_address": "1100 ELEVENTH ST", "owner_city": "ROCKFORD", "owner_state": "IL", "owner_zip": "61104", "address": "1100 11th Street", "building_name": "Rockford Standard Furniture/Benson Stone", "quadrant": "Southeast", "original_owner": "Rockford Standard Furniture", "current_owner": "Benson Stone", "current_tenants": null, "original_industry": null, "later_industries": null, "building_sqft": "126,976", "year_built": "1887", "year_built_additions": null, "architect": null, "contractor": null, "historic_status": "Undetermined", "historic_criteria": "A", "resource_status": null, "land_sqft": "81,900", "stories": "4", "style": "Mill", "structural_system": "Heavy Timber wood framed metal siding", "notes": null, "tif_district": "Midtown", "oz": "N", "rerz": "N", "tif": "Y", "id": "1100-11th-street"}}, {"type": "Feature", "geometry": {"type": "MultiPolygon", "coordinates": [[[[-89.06755638099736, 42.24527616846327], [-89.0675511224805, 42.245231237755945], [-89.06754869419574, 42.24519041435659], [-89.0675326084083, 42.24519050545038], [-89.06753671916465, 42.24440575505576], [-89.06753867034429, 42.24437632919363], [-89.0675493858388, 42.244197322234314], [-89.06762569193604, 42.24363111529469], [-89.0676646954515, 42.2433239337628], [-89.0676830186282, 42.243015688685965], [-89.06768620811438, 42.24253615419245], [-89.06773352403535, 42.242505955594886], [-89.06773396220551, 42.242442405620324], [-89.06773748609714, 42.24191378169784], [-89.06980191428049, 42.24190127342074], [-89.06997912699906, 42.24190019656756], [-89.07015633971736, 42.241899119440426], [-89.0703335524354, 42.24189804203938], [-89.07051076515319, 42.24189696436444], [-89.0706879778707, 42.24189588641556], [-89.07086519106275, 42.241894780755935], [-89.07104240330493, 42.241893729696045], [-89.07104004505835, 42.2421901012728], [-89.07103772368555, 42.242486473186894], [-89.07086050930941, 42.242487551656964], [-89.07068325800792, 42.24248862950026], [-89.07050608055629, 42.24248970777537], [-89.0703543515906, 42.242490617426114], [-89.07033312279509, 42.245173464938915], [-89.07033304781343, 42.24518419378708], [-89.07033292972886, 42.24519527896067], [-89.07032954580414, 42.24562744774176], [-89.07032783894509, 42.24581559669427], [-89.07044973127032, 42.24581484096855], [-89.07044410866531, 42.24643819954977], [-89.07032225159197, 42.246438983045294], [-89.07011920586397, 42.246440279908526], [-89.06991616061052, 42.24644154897536], [-89.06971315228385, 42.24644281803579], [-89.069510069151, 42.24644414090377], [-89.0693074104114, 42.24640246689936], [-89.06910487767027, 42.24634395333787], [-89.06906340599794, 42.24632971056864], [-89.06896478141172, 42.24629248232599], [-89.06891210358046, 42.24627060817115], [-89.06887008180941, 42.24625894126723], [-89.06886188281864, 42.24625666576214], [-89.06880839075168, 42.246241815607966], [-89.06879835855464, 42.24623903032046], [-89.06880299383918, 42.24622038542818], [-89.0687676731663, 42.24620259804385], [-89.0687661996335, 42.24620184645159], [-89.0687637651179, 42.24620060372117], [-89.06873406287055, 42.24618495050885], [-89.06865927313984, 42.24614301074174], [-89.06862991535193, 42.24612546734806], [-89.0685075937198, 42.246105025454725], [-89.06845617302001, 42.24609107309323], [-89.06825319542557, 42.24602078314959], [-89.06810571141358, 42.24595216324369], [-89.06788788042375, 42.24583107537951], [-89.06776253443985, 42.24570835132197], [-89.06766405883205, 42.24557277365211], [-89.06759479263464, 42.24542756291608], [-89.06755638099736, 42.24527616846327]]]]}, "properties": {"pin": "11-36-330-013", "house_number": "2136", "street_prefix": null, "street_name": "12TH", "street_suffix": "ST", "street_postdir": null, "city": "ROCKFORD", "owner_name": "TUNEBERG", "owner_address": "CLEVELAND BELDEN & ASSOCIATES TRUST", "owner_city": "ROCKFORD", "owner_state": "IL", "owner_zip": "61114", "address": "2136 12th Street", "building_name": "Greenlee Bros. Building", "quadrant": "Southeast", "original_owner": "Greenlee Bros. & Co.", "current_owner": "James E Tuneberg, Trustee", "current_tenants": "Buss Machine Works", "original_industry": "die casting machinery", "later_industries": "metal working, wood working, foundry and die", "building_sqft": "636,300", "year_built": "1905", "year_built_additions": null, "architect": null, "contractor": null, "historic_status": null, "historic_criteria": "A&C", "resource_status": "Contributing", "land_sqft": "1,201,411", "stories": "3", "style": "Industrial Sawtooth", "structural_system": "Steel Truss", "notes": "Sawtooth roofs", "tif_district": null, "oz": "N", "rerz": "N", "tif": "N", "id": "2136-12th-street-6"}}, {"type": "Feature", "geometry": {"type": "MultiPolygon", "coordinates": [[[[-89.11605632708702, 42.270584429657525], [-89.11605197880341, 42.27057914682422], [-89.11605028796593, 42.27057709038956], [-89.1160476328579, 42.27057386229711], [-89.11604560471986, 42.27057139801352], [-89.11604545757653, 42.27057122001233], [-89.1160442231923, 42.27056976632199], [-89.11604408728007, 42.27056960728956], [-89.1160387827409, 42.27056336554118], [-89.11603804212194, 42.270562492640984], [-89.11603633660614, 42.27056048580893], [-89.11603433440965, 42.270558128097726], [-89.11603416668588, 42.270557937902424], [-89.11603180749319, 42.270555245910245], [-89.11602978597159, 42.270552939474264], [-89.11602548909133, 42.27054803785844], [-89.11602330663071, 42.27054554986458], [-89.11602296217569, 42.27054515567076], [-89.11602281252425, 42.2705449896521], [-89.11602063562334, 42.27054258403293], [-89.11601908916833, 42.27054087193641], [-89.11601598708002, 42.27053744422906], [-89.11601262876037, 42.27053373290112], [-89.11601133850895, 42.27053230613985], [-89.11600658985961, 42.27052721515572], [-89.1160060612058, 42.270526649481404], [-89.11600184121104, 42.27052212417143], [-89.11599946802724, 42.27051957954718], [-89.11599732964022, 42.27051735779387], [-89.1159970436212, 42.270517060179785], [-89.11599273740195, 42.27051258210168], [-89.1159873529256, 42.270506982773156], [-89.11598591983854, 42.27050553583703], [-89.11598240856894, 42.270501996329834], [-89.1159791153911, 42.27049867320562], [-89.11597743245851, 42.270496975293796], [-89.11597518401621, 42.27049470622461], [-89.11597499551296, 42.270494515838806], [-89.11597477280387, 42.27049429941344], [-89.11597459786901, 42.27049412630274], [-89.11597247553368, 42.27049205047778], [-89.11597219607123, 42.27049177521971], [-89.11596743797001, 42.270487114632196], [-89.11596519979105, 42.2704849228354], [-89.1159644113161, 42.270484150685945], [-89.11596392730236, 42.27048367803471], [-89.11596240035016, 42.27048218221607], [-89.11596199569432, 42.270481797760944], [-89.115959510949, 42.27047943562718], [-89.11595812424176, 42.270478116031505], [-89.11595213632836, 42.27047242198832], [-89.11595099510572, 42.270471337892545], [-89.11594956743731, 42.270469981904796], [-89.11594695650257, 42.27046757059235], [-89.11594582842126, 42.27046652949391], [-89.11594376101817, 42.27046462224943], [-89.11593835261381, 42.270459629837326], [-89.1159367605587, 42.27045816086309], [-89.11593650127823, 42.27045792180654], [-89.11593599614325, 42.2704574695426], [-89.1159331679462, 42.2704549310384], [-89.11593118383578, 42.2704531531878], [-89.11592911555057, 42.27045129910245], [-89.1159283464606, 42.27045061116921], [-89.11592602334201, 42.270448528358436], [-89.11592586408528, 42.27044838454769], [-89.11592565246512, 42.27044819566508], [-89.1159234726977, 42.27044624108357], [-89.11592320421033, 42.27044600022754], [-89.11592170186168, 42.270444691577374], [-89.11592149243648, 42.27044450957521], [-89.11591508691068, 42.27043893347426], [-89.1159141855017, 42.270438148284114], [-89.11590967614822, 42.27043422231215], [-89.11590662011578, 42.27043163712764], [-89.1159041743437, 42.27042957034336], [-89.11589898002158, 42.27042517502342], [-89.11589592399004, 42.270422589838624], [-89.11589573263716, 42.27042243201309], [-89.11589493530026, 42.27042177640734], [-89.11589312872171, 42.27042029346128], [-89.11589126521908, 42.27041876197143], [-89.11588753821414, 42.27041569899161], [-89.11588344897035, 42.27041233941396], [-89.11588194770736, 42.27041110452167], [-89.11587626843894, 42.27040657098096], [-89.115875639452, 42.27040606784461], [-89.11587249218009, 42.270403553856475], [-89.11587059148022, 42.270402037461146], [-89.1158684993707, 42.27040036666984], [-89.11586775186095, 42.27039976983315], [-89.11586699494485, 42.27039918320074], [-89.11586486786068, 42.27039753266983], [-89.1158630873093, 42.27039615115148], [-89.11585974506646, 42.2703935581979], [-89.11585373540375, 42.270388896427846], [-89.11585333873124, 42.270388587508954], [-89.11585171261963, 42.27038736176273], [-89.11584971021662, 42.27038585129542], [-89.11584748655972, 42.27038417586818], [-89.11584358665175, 42.270381234788275], [-89.11584164581943, 42.270379771192175], [-89.11583891358102, 42.27037771207198], [-89.11583871059862, 42.270377559285016], [-89.11583852808266, 42.27037742555148], [-89.11583824520147, 42.27037721714987], [-89.11583574242715, 42.270375384807615], [-89.11583541160103, 42.27037514338014], [-89.11583346096387, 42.27037371399564], [-89.11582980608489, 42.27037103585258], [-89.11582717102051, 42.270369104538396], [-89.1158238720523, 42.27036668691837], [-89.11581885573176, 42.270363114748776], [-89.11581396719849, 42.27035963464913], [-89.11581183561469, 42.2703581161371], [-89.11581049822976, 42.270357164018534], [-89.11580882534423, 42.270355973859715], [-89.11580853770307, 42.270355773989785], [-89.115805775282, 42.27035386380411], [-89.11580204717825, 42.27035128446373], [-89.11579357272628, 42.27034542355977], [-89.11495379615818, 42.26983315729633], [-89.11445023302421, 42.269525975723866], [-89.114391270121, 42.26949086041636], [-89.1143910004455, 42.26949069157914], [-89.11439064619887, 42.26949047051354], [-89.11438043940524, 42.26948409623587], [-89.1143425955324, 42.269459859634], [-89.11433616371994, 42.269455600384056], [-89.11433282677238, 42.26945338989703], [-89.11432869268604, 42.269450652425974], [-89.1143254362914, 42.26944845811364], [-89.11431489984219, 42.26944135704158], [-89.11431386783197, 42.269440651249035], [-89.11431255041275, 42.269439750748525], [-89.1143100183308, 42.26943801929357], [-89.11430843149338, 42.26943693452225], [-89.11430145172965, 42.26943216086346], [-89.1143011777793, 42.269431971405844], [-89.11429828096334, 42.26942995533057], [-89.1142956945828, 42.26942815648893], [-89.11429553251, 42.26942804352148], [-89.11429525858821, 42.26942785234904], [-89.11429468104362, 42.26942745086574], [-89.11429443907463, 42.26942728228254], [-89.11429157190308, 42.26942528877517], [-89.11429129339217, 42.26942509584552], [-89.11428810891624, 42.269422881611185], [-89.11428736260072, 42.269422353378246], [-89.11428034678512, 42.26941738729844], [-89.11428007745256, 42.26941719788316], [-89.11427682741915, 42.26941489900798], [-89.11427647365834, 42.26941464879011], [-89.11427487373933, 42.26941351759114], [-89.11424204563683, 42.26938954994556], [-89.11424067044386, 42.26938851342276], [-89.11424037622794, 42.26938829290761], [-89.1142280382871, 42.26937899199881], [-89.11422774187655, 42.26937876460317], [-89.11422630548681, 42.26937765891538], [-89.11422542309606, 42.269376981936425], [-89.1142242078385, 42.26937604807087], [-89.11422360817653, 42.26937558807153], [-89.11422262092054, 42.26937482952144], [-89.1142185601336, 42.26937171197147], [-89.1142183047685, 42.26937151582391], [-89.11421416417149, 42.26936833751357], [-89.11420898284732, 42.26936428353674], [-89.11420868424217, 42.26936404926057], [-89.11420656886588, 42.26936239366099], [-89.11420610157568, 42.269362027490686], [-89.11420546560034, 42.26936152942622], [-89.11420500740279, 42.26936117191477], [-89.1142044945066, 42.2693607710243], [-89.11420429848643, 42.26936061658327], [-89.11420042559877, 42.26935758651107], [-89.11419568081199, 42.269353804092376], [-89.11419547797951, 42.269353642728476], [-89.11419272956529, 42.26935145135933], [-89.11419007002583, 42.26934933112405], [-89.11418917897115, 42.26934861976371], [-89.11418895561602, 42.26934844277574], [-89.11418868212283, 42.26934822588079], [-89.11418760188899, 42.26934736528739], [-89.11418682020309, 42.26934674239982], [-89.11418651715164, 42.26934649779232], [-89.11418362576396, 42.26934415589889], [-89.11418020349498, 42.26934138379342], [-89.11417664908316, 42.26933850414012], [-89.11417371895968, 42.26933613101953], [-89.11417120185558, 42.26933405496802], [-89.11417090801103, 42.26933381216005], [-89.1141704182606, 42.2693334080517], [-89.11416385557129, 42.269327995057594], [-89.11416091248026, 42.26932556865017], [-89.11416074618977, 42.2693254316327], [-89.1141257970285, 42.26929557548525], [-89.11409870679341, 42.26927136375304], [-89.11409289824655, 42.26926600912907], [-89.11408795618102, 42.26926145482451], [-89.11408776061799, 42.2692612729462], [-89.11408757186727, 42.26926109799073], [-89.11408731713075, 42.269260864116895], [-89.11408452885348, 42.269258293346724], [-89.11408378542339, 42.26925759191595], [-89.114083398915, 42.269257228201674], [-89.11407405011619, 42.26924842121391], [-89.11407209485743, 42.26924658013785], [-89.11407159467699, 42.26924610904527], [-89.11407053745145, 42.26924511488576], [-89.11406942834992, 42.269244046501676], [-89.11406919653056, 42.26924382312862], [-89.11406898289648, 42.2692436170733], [-89.11406223277272, 42.269237118422744], [-89.11405903724086, 42.269234043110686], [-89.11405673492463, 42.26923182667657], [-89.1140565213477, 42.26923161719158], [-89.11405444934101, 42.26922957609439], [-89.11405417214424, 42.26922930428258], [-89.11405397219198, 42.26922910864329], [-89.1140450955689, 42.26922037459035], [-89.11404458210657, 42.26921986907413], [-89.11404384597479, 42.26921914541406], [-89.11404311893563, 42.26921843041283], [-89.11404120660715, 42.26921650740648], [-89.11403918300114, 42.26921447189853], [-89.1140339751841, 42.26920923598089], [-89.11403336424021, 42.26920862151982], [-89.11403079100184, 42.26920603385632], [-89.11402969404496, 42.26920492956665], [-89.1140269855304, 42.26920214514227], [-89.1140261319083, 42.26920126604649], [-89.11402590941016, 42.26920103761369], [-89.11402570053667, 42.26920082302658], [-89.11402012457312, 42.26919509150126], [-89.11401988166655, 42.26919484058507], [-89.11401646256141, 42.26919132415927], [-89.11399577584515, 42.269169465957575], [-89.11399539934352, 42.269169056027714], [-89.1139903756168, 42.269163581686804], [-89.11398230584598, 42.26915479157741], [-89.11382673666847, 42.268968186845484], [-89.11370761966917, 42.268767326672396], [-89.11362726949109, 42.26855611471174], [-89.11362568850141, 42.268550241482565], [-89.11362381380715, 42.2685432850563], [-89.11362375942687, 42.268543083892645], [-89.1136237050466, 42.26854288272897], [-89.1136208105809, 42.26853212832784], [-89.11362016041222, 42.2685297092407], [-89.11362009970502, 42.26852947200227], [-89.11362005854956, 42.26852930869181], [-89.11361853836395, 42.26852325079227], [-89.11361844089053, 42.26852286400431], [-89.11361692059104, 42.268516812964], [-89.11361685777486, 42.26851656370066], [-89.11361681012121, 42.268516374604324], [-89.11361674513896, 42.26851611674568], [-89.11361058071232, 42.268489560445914], [-89.11361045855918, 42.26848899163288], [-89.11360801216384, 42.26847753816323], [-89.11360739085349, 42.26847463397348], [-89.11360693239824, 42.268472350422904], [-89.1136055464307, 42.26846544307617], [-89.11360549532986, 42.268465183629914], [-89.11360439302571, 42.26845968525319], [-89.11360431673127, 42.268459274648585], [-89.11360404729204, 42.268457843513126], [-89.11360394762754, 42.26845731092326], [-89.11360387560815, 42.26845692093887], [-89.11360353851025, 42.26845511529479], [-89.11360301468017, 42.268452320050166], [-89.11360095153739, 42.26844128686394], [-89.1136008988985, 42.26844098109641], [-89.11360077900056, 42.26844027681279], [-89.11360053701011, 42.26843886136509], [-89.11360043811638, 42.26843828247515], [-89.11360035184798, 42.2684377774496], [-89.11360026766002, 42.26843728616377], [-89.11359780378159, 42.26842286030038], [-89.1135977287432, 42.2684223742438], [-89.11359751397315, 42.26842098820243], [-89.11359744939404, 42.2684205674149], [-89.11359741385537, 42.26842034412823], [-89.11359719489592, 42.268418932322156], [-89.1135971699307, 42.26841876744526], [-89.11359665286967, 42.26841542686746], [-89.11359643610486, 42.268414021941865], [-89.11359622338674, 42.26841265135504], [-89.1135955770249, 42.268408477776276], [-89.11359506210155, 42.26840514750855], [-89.11359497877001, 42.268404604778205], [-89.11359494742078, 42.268404407256185], [-89.11359485465762, 42.268403737523315], [-89.11359478874026, 42.26840325841083], [-89.11359383614347, 42.26839639620535], [-89.11359238473493, 42.26838592946736], [-89.11359002448538, 42.2683697174424], [-89.11358999593024, 42.26836949078966], [-89.11358996731799, 42.268369267566584], [-89.11358994075765, 42.268369059798054], [-89.11358927318763, 42.26836380209419], [-89.11358846677454, 42.268357452324736], [-89.11358842801707, 42.268357144969606], [-89.11358809330612, 42.268354502388526], [-89.11358799934756, 42.26835376575656], [-89.11358796249924, 42.26835348243007], [-89.11358792055145, 42.268353089291644], [-89.11358789649974, 42.26835286954061], [-89.11358676122616, 42.26834241599595], [-89.11358671907857, 42.268342034861256], [-89.11358623234528, 42.26833756603948], [-89.11358619641044, 42.26833722783883], [-89.11358617087772, 42.26833695833687], [-89.11358612804842, 42.26833647943638], [-89.1135847284704, 42.26832095711953], [-89.11358470578887, 42.268320655057245], [-89.113584619823, 42.268319438276414], [-89.1135846048352, 42.26831922889905], [-89.11358358868307, 42.268305087312044], [-89.11358357190029, 42.268304847046764], [-89.11358355862184, 42.26830467370179], [-89.11358353719628, 42.268304296187544], [-89.11358347574226, 42.26830313279925], [-89.11358325391407, 42.26829898026963], [-89.11358321186225, 42.268298177226214], [-89.1135832010924, 42.268297991898734], [-89.11358317650509, 42.268297526886364], [-89.11358281379061, 42.26829074041583], [-89.11358270119575, 42.268288626403795], [-89.11358268683595, 42.26828837930049], [-89.11358267128398, 42.268287926376665], [-89.11358266165593, 42.26828767245647], [-89.11358216666285, 42.26827357338688], [-89.1135821481204, 42.26827302267607], [-89.11358212595944, 42.26827241190421], [-89.11358211305544, 42.26827207734519], [-89.11358210337704, 42.2682715490118], [-89.11358209734232, 42.26827121794602], [-89.11358200563603, 42.26826576829602], [-89.11358199985823, 42.26826542179688], [-89.11358190553253, 42.26825985206724], [-89.11358183722297, 42.2682557712656], [-89.11358183803571, 42.268255167565044], [-89.1135818418475, 42.26825313523072], [-89.11358184279285, 42.268252939720334], [-89.11358184254944, 42.26825239946801], [-89.11358185820824, 42.26824022254664], [-89.11358185958514, 42.26823986239256], [-89.11358186013085, 42.26823969088961], [-89.11358186159003, 42.26823946451249], [-89.1135818769725, 42.26823867914731], [-89.113581969096, 42.26823397724498], [-89.11358198250885, 42.26823331020219], [-89.11358204583703, 42.268230060707886], [-89.11358205488246, 42.26822965603217], [-89.11358217457378, 42.26822357545899], [-89.1135821837905, 42.26822316049435], [-89.11358219163367, 42.268222966762394], [-89.11358221604809, 42.26822233240713], [-89.11358231901177, 42.26821961495145], [-89.11358241356135, 42.26821712552409], [-89.1135825609898, 42.26821326280358], [-89.11358280382413, 42.26820685921115], [-89.11358445133438, 42.26818071423072], [-89.11358655318834, 42.268156960813194], [-89.11605657926522, 42.26781799679802], [-89.11699875051121, 42.267691369858625], [-89.1183376605159, 42.26751140652729], [-89.11963140278166, 42.26733749987767], [-89.12056420840528, 42.26721210099731], [-89.12058654573917, 42.26730376827204], [-89.1193898503893, 42.267463813742616], [-89.11940386203273, 42.26752114819767], [-89.11979720228425, 42.26913070780607], [-89.11978805658296, 42.26913190719633], [-89.11976202186003, 42.269135322646065], [-89.11976852642928, 42.269161996632896], [-89.11977645811649, 42.26919452863881], [-89.11982745231472, 42.26940366445928], [-89.11986136796342, 42.269542753148066], [-89.11988240184168, 42.269539993496075], [-89.11989676617826, 42.26953810767981], [-89.1199309895647, 42.26967814930833], [-89.11994417598265, 42.26973210258404], [-89.1199810468816, 42.26988297164415], [-89.12004429750765, 42.27014177814678], [-89.12005916233163, 42.27020260532605], [-89.12008087716032, 42.27025835664065], [-89.12008787253775, 42.27027631562059], [-89.12011383601566, 42.27034297587545], [-89.12016264865736, 42.27046829968712], [-89.11985046567334, 42.270509279250184], [-89.11913361768859, 42.270611373353255], [-89.11889881476895, 42.27064487448837], [-89.11865286567824, 42.270679864873344], [-89.11838921344275, 42.270717382149314], [-89.11813992992283, 42.2707528897773], [-89.11791109050594, 42.270785428085574], [-89.11758816844079, 42.27083214311232], [-89.1175966833936, 42.270737548642316], [-89.1171911935282, 42.270793938301445], [-89.11617012631437, 42.27093592455038], [-89.1161693223328, 42.270930245419414], [-89.11616878481539, 42.2709264587464], [-89.11616811519201, 42.27092172756977], [-89.11616767275312, 42.27091889020639], [-89.11616737624516, 42.270916999188294], [-89.11616678553813, 42.27091321717325], [-89.11616590060369, 42.27090754587607], [-89.11616348015521, 42.27089338459251], [-89.11614342146027, 42.270804153941995], [-89.11605632708702, 42.270584429657525]], [[-89.116704359775, 42.26859884543601], [-89.11655611348036, 42.26799571286173], [-89.11605655750085, 42.26806458563027], [-89.11529530905256, 42.26816953856405], [-89.11540587499945, 42.26862339152167], [-89.11540060523161, 42.26862410299355], [-89.1154057298117, 42.26864491272446], [-89.11540139120234, 42.26864558985536], [-89.1154296077266, 42.26876017571942], [-89.1154324371832, 42.268771665248316], [-89.11602518983628, 42.26869112901229], [-89.11605650108048, 42.268686874340005], [-89.116704359775, 42.26859884543601]]]]}, "properties": {"pin": "11-21-476-005", "house_number": "500", "street_prefix": "S", "street_name": "INDEPENDENCE", "street_suffix": "AVE", "street_postdir": null, "city": "ROCKFORD", "owner_name": "CITY OF ROCKFORD", "owner_address": "425 E STATE STREET", "owner_city": "ROCKFORD", "owner_state": "IL", "owner_zip": "61104", "address": "500 S. Independence\u00a0Street", "building_name": "North/South Warehouse Buildings", "quadrant": "Southwest", "original_owner": "Emerson-Brantingham Company", "current_owner": "City of Rockford", "current_tenants": "City of Rockford", "original_industry": "Farm implements", "later_industries": null, "building_sqft": "130,200", "year_built": null, "year_built_additions": null, "architect": null, "contractor": null, "historic_status": null, "historic_criteria": "A", "resource_status": "Contributing", "land_sqft": null, "stories": "3", "style": "warehouse", "structural_system": "Reinforced Concrete", "notes": null, "tif_district": "Preston and Central", "oz": "Y", "rerz": "N", "tif": "Y", "id": "500-s-independence-street-6"}}, {"type": "Feature", "geometry": {"type": "MultiPolygon", "coordinates": [[[[-89.0870214462002, 42.24379961065076], [-89.08930975348592, 42.243781752997876], [-89.08930885114886, 42.24405454770984], [-89.0870170482959, 42.24407296069107], [-89.08702007645813, 42.243811172866444], [-89.0870214462002, 42.24379961065076]]]]}, "properties": {"pin": "11-35-326-018", "house_number": "2215", "street_prefix": null, "street_name": "KISHWAUKEE", "street_suffix": "ST", "street_postdir": null, "city": "ROCKFORD", "owner_name": "BA & SW HOLDINGS LLC", "owner_address": "1830 9TH ST", "owner_city": "ROCKFORD", "owner_state": "IL", "owner_zip": "61104", "address": "2215 Kishwaukee Street", "building_name": "Dasco", "quadrant": "Southeast", "original_owner": "Damascus Steel", "current_owner": "BA & SW Holdings LLC", "current_tenants": null, "original_industry": "Machine Tool / Stor.", "later_industries": null, "building_sqft": "31,792", "year_built": "1928", "year_built_additions": null, "architect": null, "contractor": null, "historic_status": null, "historic_criteria": "A&C", "resource_status": "Contributing", "land_sqft": "61,725", "stories": "1", "style": "Industrial Daylighting", "structural_system": "Steel Frame, Glass curtainwall, clearstory monitor", "notes": null, "tif_district": null, "oz": "Y", "rerz": "N", "tif": "N", "id": "2215-kishwaukee-street"}}, {"type": "Feature", "geometry": {"type": "MultiPolygon", "coordinates": [[[[-89.09531591094829, 42.267357099839245], [-89.09533141799425, 42.26732933694525], [-89.09534947433947, 42.26730157042314], [-89.09537502945156, 42.26727387394971], [-89.0954124135076, 42.26728725777481], [-89.09545024427004, 42.267276442566946], [-89.09546327673462, 42.267248629098034], [-89.09548631986996, 42.26722090913512], [-89.09550685108049, 42.26719316570461], [-89.09552239540581, 42.2671653756907], [-89.09554543848442, 42.26713765571486], [-89.09556349467995, 42.26710988915648], [-89.0955865003158, 42.267082196263594], [-89.09560208198226, 42.26705437914574], [-89.09560441417206, 42.26703228326919], [-89.09560502933671, 42.26702649890799], [-89.095615549783, 42.26699866195881], [-89.09563608086319, 42.26697091850264], [-89.09565410003052, 42.26694315158321], [-89.09567466801504, 42.26691540846446], [-89.09567514084138, 42.266887477673045], [-89.09568562429298, 42.26685964037117], [-89.09568593095666, 42.26685898464476], [-89.095698656565, 42.266831826871375], [-89.09571667566419, 42.26680405994068], [-89.09573221933434, 42.266776297331255], [-89.09574772651555, 42.26674850693756], [-89.09576198224046, 42.266731352066046], [-89.09577080628027, 42.26672078725656], [-89.09580167375387, 42.26669352447025], [-89.09580717028803, 42.266665640588315], [-89.09583523682191, 42.26663796745987], [-89.09587316185696, 42.26662155497241], [-89.09591117577425, 42.2665977067191], [-89.09594916391625, 42.26657756278332], [-89.09598708842164, 42.26656117769419], [-89.09601606542086, 42.26654300769936], [-89.09602513919941, 42.26653732974684], [-89.0960529551213, 42.26652664036846], [-89.09616076717714, 42.26656996126123], [-89.09637521709979, 42.26665615272365], [-89.09653788983817, 42.26672152665627], [-89.09655554032948, 42.266728634001915], [-89.09683178788957, 42.26683963189048], [-89.09691251913281, 42.2668720796661], [-89.09663694306727, 42.267245618650165], [-89.09655636436075, 42.26721287025133], [-89.09654010386676, 42.267234973381576], [-89.09643921986645, 42.267371704749664], [-89.09642742256875, 42.26736693135183], [-89.09638654707786, 42.26735026005236], [-89.09637885943577, 42.267347157759616], [-89.09637752661216, 42.26734895987391], [-89.09627881311665, 42.26748238753154], [-89.0961874622018, 42.267605898638614], [-89.09609830359604, 42.267726466479594], [-89.0960662780158, 42.267769744224815], [-89.09597367567383, 42.26789497227031], [-89.09597065311452, 42.267899060239095], [-89.09594210344896, 42.267937648789236], [-89.0958968884661, 42.267998765357106], [-89.09587998216314, 42.2680216169945], [-89.0958549154744, 42.26805551300179], [-89.0958524337981, 42.26805888568479], [-89.09578806210212, 42.26814591825115], [-89.0956925099759, 42.268275095781135], [-89.09567065719382, 42.268304639735014], [-89.09555725936453, 42.26845796515115], [-89.09552818268804, 42.268497236417716], [-89.09543505125596, 42.268623172539215], [-89.09531541301673, 42.26878494620145], [-89.09519717349839, 42.26894481191406], [-89.09510857556472, 42.26906449920862], [-89.0950674636431, 42.269071556772325], [-89.09499505796744, 42.26906224988314], [-89.09473121506454, 42.268954973789405], [-89.09425013731868, 42.268850095852024], [-89.0942576986821, 42.26884212627502], [-89.09428324846161, 42.26881045102259], [-89.09430268785304, 42.26878179204594], [-89.09430480908665, 42.268778711020076], [-89.09432239338625, 42.26874397017544], [-89.09434796794181, 42.268713008612245], [-89.09439441200476, 42.26868671510614], [-89.0944318669038, 42.26866107844669], [-89.09445619385104, 42.26864050542938], [-89.09445685014401, 42.26860832297299], [-89.0944690037875, 42.26857572662953], [-89.09449305340965, 42.26854535448281], [-89.09451337635235, 42.26852123153675], [-89.09457338202621, 42.26849479033478], [-89.09461016727613, 42.26848031594674], [-89.09464493152956, 42.268436844687635], [-89.09465555818352, 42.26840277966208], [-89.09468177014121, 42.26835162721549], [-89.09469407252094, 42.26832114521357], [-89.09471221100729, 42.26829074520476], [-89.09471995059292, 42.26826570880019], [-89.09473341897089, 42.26823836599602], [-89.09474583973923, 42.268213977053676], [-89.09475935830206, 42.268183671059404], [-89.09475993100251, 42.26818257876221], [-89.09477903966155, 42.268147248383876], [-89.09479773408597, 42.26810801747171], [-89.09481003589542, 42.26807756289182], [-89.09482821165929, 42.26804713577033], [-89.09485054664832, 42.26800236829979], [-89.094871802298, 42.267979873039], [-89.09488828053327, 42.26796240975745], [-89.09490071015969, 42.26795275683581], [-89.09492987423008, 42.26793014338605], [-89.09495943769302, 42.26789921895971], [-89.0950011614298, 42.26786363338481], [-89.09502685585501, 42.267836459678186], [-89.09502967795409, 42.26783344007025], [-89.09505425511074, 42.26780024628079], [-89.09507576434052, 42.26777149674349], [-89.09509421936787, 42.26774420049099], [-89.0951177739785, 42.267712478960476], [-89.09514768088515, 42.26766780962175], [-89.09517317954958, 42.26763909734141], [-89.09519678426669, 42.26760441260596], [-89.09521313151585, 42.26758376486617], [-89.09524083722518, 42.267546895695176], [-89.09525929281153, 42.267517376677866], [-89.09529119103145, 42.267481644314095], [-89.0953142712684, 42.26745392473379], [-89.09533480263147, 42.26742618133691], [-89.09535533397636, 42.26739843793603], [-89.09531794986755, 42.26738505409196], [-89.09531591094829, 42.267357099839245]]]]}, "properties": {"pin": "11-23-357-006", "house_number": "320", "street_prefix": "S", "street_name": "WYMAN", "street_suffix": "ST", "street_postdir": null, "city": "ROCKFORD", "owner_name": "CITY OF ROCKFORD", "owner_address": "425 E STATE ST", "owner_city": "ROCKFORD", "owner_state": "IL", "owner_zip": "61104", "address": "320 S. Wyman", "building_name": "Lorden Building", "quadrant": "Southwest", "original_owner": "BZB Knitting", "current_owner": "City of Rockford", "current_tenants": "Empty", "original_industry": "Knitting", "later_industries": "Storage", "building_sqft": "79,200", "year_built": "1916", "year_built_additions": "1917", "architect": "\"Private plans\"", "contractor": "Holm, Gust", "historic_status": null, "historic_criteria": "A", "resource_status": "Contributing", "land_sqft": "235,866", "stories": "7", "style": "Industrial Daylighting", "structural_system": "Reinforced Concrete", "notes": "Window voids filled with brick after 1952, two floors opened", "tif_district": "West Side #2", "oz": "N", "rerz": "Y", "tif": "Y", "id": "320-s-wyman"}}, {"type": "Feature", "geometry": {"type": "MultiPolygon", "coordinates": [[[[-89.08994179246137, 42.24520821475269], [-89.09098558882418, 42.245201419606225], [-89.0909856584044, 42.2452087368117], [-89.09099086561021, 42.245762540282335], [-89.09069192041129, 42.24576509048795], [-89.09069725075166, 42.24638076503577], [-89.09092782327046, 42.246379858008225], [-89.09092285171629, 42.24658509672135], [-89.09092350596362, 42.24658463120987], [-89.0909355635455, 42.24721071930187], [-89.09010221020446, 42.24721500290626], [-89.0901050565885, 42.24766499744284], [-89.0899573401223, 42.24766610788213], [-89.08994184553576, 42.245216631173044], [-89.08994179246137, 42.24520821475269]]]]}, "properties": {"pin": "11-35-153-013", "house_number": "530", "street_prefix": null, "street_name": "BLACKHAWK PARK", "street_suffix": "AVE", "street_postdir": null, "city": "ROCKFORD", "owner_name": "BUSH MOTOR EXPRESS INC &", "owner_address": "530 BLACKHAWK PARK AVE", "owner_city": "ROCKFORD", "owner_state": "IL", "owner_zip": "61104", "address": "530 Blackhawk Park Avenue", "building_name": "Shanahowe Transportation", "quadrant": "Southeast", "original_owner": "Roper Industries", "current_owner": null, "current_tenants": "Trucking Co.", "original_industry": "Roper Ranges", "later_industries": null, "building_sqft": null, "year_built": "1930", "year_built_additions": null, "architect": null, "contractor": null, "historic_status": null, "historic_criteria": "A&C", "resource_status": "Contributing", "land_sqft": null, "stories": "2", "style": "Industrial Daylighting", "structural_system": "Steel Frame , Linear skylights", "notes": null, "tif_district": null, "oz": "Y", "rerz": "N", "tif": "N", "id": "530-blackhawk-park-avenue"}}, {"type": "Feature", "geometry": {"type": "MultiPolygon", "coordinates": [[[[-89.07725223631473, 42.238569199378354], [-89.07919816829843, 42.238556219276234], [-89.08008434195773, 42.23855026665299], [-89.08007436508584, 42.23940722131115], [-89.07947249513029, 42.2394112316689], [-89.07724225850743, 42.23942612625815], [-89.07725223631473, 42.238569199378354]]]]}, "properties": {"pin": "11-35-477-006", "house_number": "2501", "street_prefix": null, "street_name": "9TH", "street_suffix": "ST", "street_postdir": null, "city": "ROCKFORD", "owner_name": "ROCK RIVER INDUSTRIAL LLC", "owner_address": "2501 9TH ST", "owner_city": "ROCKFORD", "owner_state": "IL", "owner_zip": "61104", "address": "2501 9th Street", "building_name": "Rockford Products", "quadrant": "Southeast", "original_owner": "Rockford Products Plant 1", "current_owner": "Rock River Industrial LLC", "current_tenants": null, "original_industry": "Tarkington Automobile Co.", "later_industries": "Rockford Steel Furniture", "building_sqft": "144,557", "year_built": "1920", "year_built_additions": "1940", "architect": null, "contractor": null, "historic_status": null, "historic_criteria": "A&C", "resource_status": "Contributing", "land_sqft": "239,504", "stories": "2", "style": "Art Deco & Industrial Daylighting", "structural_system": "Steel frame, concrete", "notes": null, "tif_district": "Kishwaukee/Harrison #1", "oz": "N", "rerz": "N", "tif": "Y", "id": "2501-9th-street"}}, {"type": "Feature", "geometry": {"type": "MultiPolygon", "coordinates": [[[[-89.10226014048501, 42.27300767516995], [-89.1022136243213, 42.27275502408582], [-89.10223318276964, 42.272763064116326], [-89.102545159897, 42.27233812304745], [-89.10260244928621, 42.272260117796314], [-89.10244912791542, 42.2721977206024], [-89.10223782607812, 42.272111679513664], [-89.10232665202561, 42.27199080203523], [-89.10253905954315, 42.272074795128006], [-89.10267783904858, 42.27212964814498], [-89.10275264287661, 42.27215921035451], [-89.10284020589414, 42.2720408727964], [-89.10291922252792, 42.27193417330459], [-89.10295684139687, 42.271883316885486], [-89.10302020540726, 42.27179776653843], [-89.10307721850683, 42.271720746363094], [-89.10318965626256, 42.271568859051534], [-89.10328727353034, 42.271436976075215], [-89.10329056315703, 42.27143250621434], [-89.10339301837314, 42.27129413698768], [-89.10344587237317, 42.27122270351428], [-89.10350084251222, 42.2711484631852], [-89.10360806078253, 42.27100363433912], [-89.10371738191073, 42.271048059757796], [-89.10382474082867, 42.2709036161865], [-89.1039304743326, 42.27076132530619], [-89.10403287996164, 42.27062355873513], [-89.10412564607365, 42.270498737350216], [-89.10421489466992, 42.270378740400396], [-89.1042865052664, 42.270378361062065], [-89.1041911754221, 42.27055686136389], [-89.10418425066158, 42.27088115282974], [-89.10415688886188, 42.27097035780466], [-89.10406937795189, 42.27112102267558], [-89.1041141800903, 42.27113735372994], [-89.1040207871094, 42.271330223584556], [-89.10401153498529, 42.27142129768547], [-89.10398091998749, 42.27172391050405], [-89.10396986488858, 42.27172216158321], [-89.10389393631283, 42.2723027184482], [-89.10389101016555, 42.27232513826949], [-89.10380282357995, 42.27251586085404], [-89.1038307434364, 42.27252325434608], [-89.10381051766836, 42.27254172693613], [-89.10379288651912, 42.27253772174953], [-89.10351172820704, 42.273095621770764], [-89.10344182588945, 42.273079093786066], [-89.10333005573038, 42.273052674301034], [-89.10321729235004, 42.27302599852527], [-89.10311001285129, 42.27300060835459], [-89.10287208376886, 42.27294434220343], [-89.10262804562784, 42.2728866468131], [-89.10240645785646, 42.272834235887764], [-89.10239225688095, 42.272828396315376], [-89.10226014048501, 42.27300767516995]]]]}, "properties": {"pin": "11-22-403-057", "house_number": "814", "street_prefix": null, "street_name": "CHESTNUT", "street_suffix": "ST", "street_postdir": null, "city": "ROCKFORD", "owner_name": "BARNES INTERNATIONAL INC", "owner_address": "814 CHESTNUT ST", "owner_city": "ROCKFORD", "owner_state": "IL", "owner_zip": "61102", "address": "814 Chestnut", "building_name": "Barnes Drill Building", "quadrant": "Southwest", "original_owner": "Barnes Drill", "current_owner": "Barnes International", "current_tenants": "Barnes International", "original_industry": "Barnes Drill", "later_industries": null, "building_sqft": "165,388", "year_built": "1910", "year_built_additions": null, "architect": null, "contractor": null, "historic_status": null, "historic_criteria": "A", "resource_status": null, "land_sqft": "216,000", "stories": "2", "style": "Industrial daylighting", "structural_system": null, "notes": null, "tif_district": "West State and Kilburn", "oz": "Y", "rerz": "Y", "tif": "N", "id": "814-chestnut"}}, {"type": "Feature", "geometry": {"type": "MultiPolygon", "coordinates": [[[[-89.07493563243621, 42.256177430338816], [-89.0749375665873, 42.256007218385015], [-89.07488216547655, 42.256007320407946], [-89.07488295761857, 42.25583707013711], [-89.07516917410945, 42.25583655823352], [-89.07516840602754, 42.25600679673136], [-89.0751675876221, 42.256177007304046], [-89.07493563243621, 42.256177430338816]]]]}, "properties": {"pin": "11-25-352-006", "house_number": "1417", "street_prefix": null, "street_name": "10TH", "street_suffix": "AVE", "street_postdir": null, "city": "ROCKFORD", "owner_name": "BENSON ESTATES, LLC", "owner_address": "1102 10TH ST", "owner_city": "ROCKFORD", "owner_state": "IL", "owner_zip": "61104", "address": "1102 10th Street", "building_name": "Saffire Grill Co.", "quadrant": "Southeast", "original_owner": null, "current_owner": "Susan J Benson", "current_tenants": "Saffire Grill", "original_industry": "Stone cutting", "later_industries": null, "building_sqft": "11,996", "year_built": "1930", "year_built_additions": null, "architect": null, "contractor": "Linden and Sons", "historic_status": null, "historic_criteria": "A&C", "resource_status": "Contributing", "land_sqft": "15,199", "stories": "22", "style": "Commercial", "structural_system": "wood framed masonry bearing", "notes": null, "tif_district": "Midtown", "oz": "N", "rerz": "N", "tif": "Y", "id": "1102-10th-street-2"}}, {"type": "Feature", "geometry": {"type": "MultiPolygon", "coordinates": [[[[-89.10381803347384, 42.269659873431294], [-89.10384410434312, 42.269624407119146], [-89.10384800859029, 42.26962691644682], [-89.10388082109907, 42.26964801072866], [-89.10395062225051, 42.269692886045824], [-89.10409795830901, 42.26978910030939], [-89.10416121488417, 42.2698146270831], [-89.10416288237815, 42.26981529940784], [-89.10400678154924, 42.26998336451321], [-89.1040372000194, 42.26999893802312], [-89.1039855805614, 42.270198777437066], [-89.10389805632933, 42.27019922006444], [-89.10383165637236, 42.27017219762153], [-89.10383146603426, 42.27017211867892], [-89.10358114624222, 42.270070244980744], [-89.10353127559962, 42.27004997007017], [-89.10381803347384, 42.269659873431294]]]]}, "properties": {"pin": "11-22-453-017", "house_number": "806", "street_prefix": null, "street_name": "CEDAR", "street_suffix": "ST", "street_postdir": null, "city": "ROCKFORD", "owner_name": "802 CEDAR STREET LLC", "owner_address": "PO BOX 1926", "owner_city": "ROCKFORD", "owner_state": "IL", "owner_zip": "61110", "address": "631 Cedar Street", "building_name": "Mike Harris Building", "quadrant": "Southwest", "original_owner": "Continental Desk Co.", "current_owner": "Mike Harris Masonry", "current_tenants": "Mike Harris Masonry", "original_industry": "Furniture Mfg (desks)", "later_industries": null, "building_sqft": "23,296", "year_built": "1908", "year_built_additions": "west Add.1917", "architect": null, "contractor": "E.H. Daniels", "historic_status": "Undetermined", "historic_criteria": "A", "resource_status": "Contributing", "land_sqft": "20,592", "stories": "2", "style": "Mill", "structural_system": "Heavy timber/wood frame", "notes": null, "tif_district": "West State and Kilburn", "oz": "Y", "rerz": "Y", "tif": "N", "id": "631-cedar-street-2"}}, {"type": "Feature", "geometry": {"type": "MultiPolygon", "coordinates": [[[[-89.09213179311618, 42.2567402694076], [-89.09235524246297, 42.25636584063412], [-89.092459795177, 42.25667082711759], [-89.09252975310714, 42.256981227589385], [-89.09255634729857, 42.25714025207774], [-89.0925296205925, 42.25712397602896], [-89.09250223706907, 42.2570941652575], [-89.09247489097079, 42.25706432738863], [-89.09246342596887, 42.25703466571076], [-89.09242810221602, 42.257004753105086], [-89.09239672994417, 42.25697490494488], [-89.09237333585804, 42.25694510407136], [-89.09234196364132, 42.2569152558965], [-89.09231461769495, 42.25688541799024], [-89.09225187387086, 42.25682569416372], [-89.09221246088497, 42.25680167050291], [-89.09218108881474, 42.25677182228501], [-89.09214167588935, 42.25674779860031], [-89.09213179311618, 42.2567402694076]]]]}, "properties": {"pin": "11-26-305-007", "house_number": "1101", "street_prefix": null, "street_name": "SEMINARY", "street_suffix": "ST", "street_postdir": null, "city": "ROCKFORD", "owner_name": "ALTER TRADING CORPORATION", "owner_address": "700 OFFICE PKWY", "owner_city": "SAINT LOUIS", "owner_state": "MO", "owner_zip": "63141", "address": "1123 Seminary  Street", "building_name": "Joe Behr Iron & Metal", "quadrant": "Southeast", "original_owner": "Old Colony Chair Co.", "current_owner": "Behr Iron & Metal", "current_tenants": "Behr Iron & Metal", "original_industry": "Furniture", "later_industries": "Recycling", "building_sqft": null, "year_built": null, "year_built_additions": null, "architect": null, "contractor": null, "historic_status": null, "historic_criteria": "A", "resource_status": "Contributing", "land_sqft": null, "stories": "3", "style": "Mill", "structural_system": "Heavy Timber frame, stone & Brick", "notes": null, "tif_district": null, "oz": "Y", "rerz": "Y", "tif": "Y", "id": "1123-seminary-street-2"}}, {"type": "Feature", "geometry": {"type": "MultiPolygon", "coordinates": [[[[-89.09876243304578, 42.26391603181123], [-89.0990484817139, 42.26353325491367], [-89.0990550967278, 42.263524370638166], [-89.09906503647011, 42.26352863424692], [-89.09910269704494, 42.26354306221728], [-89.09914147834941, 42.263565513462495], [-89.09917913896399, 42.26357994140812], [-89.09921423506358, 42.26360842284862], [-89.09921854557591, 42.26361131686474], [-89.09925168104388, 42.263633386225095], [-89.09928441365221, 42.26366181820377], [-89.09930816039093, 42.26367543057041], [-89.09905092903487, 42.26403410853162], [-89.0988901152476, 42.26396828895054], [-89.09876243304578, 42.26391603181123]]]]}, "properties": {"pin": "11-27-232-005", "house_number": "220", "street_prefix": null, "street_name": "MILL", "street_suffix": "ST", "street_postdir": null, "city": "ROCKFORD", "owner_name": "ROCKFORD FOUNDRIES INC", "owner_address": "216 MILL ST", "owner_city": "ROCKFORD", "owner_state": "IL", "owner_zip": "61102", "address": "216-220 Mill Street", "building_name": "Woodward Governor Building", "quadrant": "Water Power District", "original_owner": "Woodward Governor", "current_owner": "Allen Murphy", "current_tenants": "Storage", "original_industry": "Woodward Machines, Governors", "later_industries": null, "building_sqft": "30,407", "year_built": "1908", "year_built_additions": null, "architect": null, "contractor": null, "historic_status": null, "historic_criteria": "A&C", "resource_status": "Contributing", "land_sqft": "12,600", "stories": "5", "style": "industrial daylighting", "structural_system": "Reinforced concrete, flat slab", "notes": null, "tif_district": "South Rockford", "oz": "N", "rerz": "Y", "tif": "N", "id": "216-220-mill-street"}}, {"type": "Feature", "geometry": {"type": "MultiPolygon", "coordinates": [[[[-89.09624907506914, 42.26082400531451], [-89.09627869704514, 42.260643059496836], [-89.0965631299531, 42.26066602049671], [-89.09683358196794, 42.260687807597904], [-89.09685123842333, 42.26068927577163], [-89.09687910566738, 42.26069150464488], [-89.0968839196686, 42.26069191314888], [-89.09685501628385, 42.26087087976472], [-89.09682592691385, 42.2610510040271], [-89.09682560705654, 42.2610529888218], [-89.09681988685556, 42.26105250840346], [-89.09679289747274, 42.26105024139818], [-89.09677435812073, 42.26104868436974], [-89.09656161571209, 42.261030810919664], [-89.096506424596, 42.261026153987736], [-89.09621990794516, 42.26100207402863], [-89.09624907506914, 42.26082400531451]]]]}, "properties": {"pin": "11-26-153-004", "house_number": "121", "street_prefix": null, "street_name": "LOOMIS", "street_suffix": "ST", "street_postdir": null, "city": "ROCKFORD", "owner_name": "HALL", "owner_address": "121 LOOMIS ST", "owner_city": "ROCKFORD", "owner_state": "IL", "owner_zip": "61101", "address": "121 Loomis Street", "building_name": "Grafcor Packaging Co.", "quadrant": "Southwest", "original_owner": "Warehouse Box Co.", "current_owner": "Robert & William Hall", "current_tenants": "Grafcor", "original_industry": "Box Company/Storage", "later_industries": null, "building_sqft": "48,106", "year_built": "1919", "year_built_additions": null, "architect": null, "contractor": null, "historic_status": null, "historic_criteria": "A&C", "resource_status": "Contributing", "land_sqft": "22,387", "stories": "5", "style": "Architectural Warehouse", "structural_system": "Reinforced Conc. Mas. Ext.", "notes": null, "tif_district": "South Rockford", "oz": "N", "rerz": "Y", "tif": "N", "id": "121-loomis-street"}}, {"type": "Feature", "geometry": {"type": "MultiPolygon", "coordinates": [[[[-89.10116512878096, 42.26370723421955], [-89.10025073977872, 42.26347958535762], [-89.10083175702997, 42.26352697197898], [-89.1008313186094, 42.26352969659705], [-89.10117862884786, 42.2635911269446], [-89.10146694901067, 42.26361463329809], [-89.10153117727708, 42.26361986744018], [-89.10157994987709, 42.26362383291025], [-89.10163607260522, 42.2632723373242], [-89.10176545562018, 42.263282868867975], [-89.10234216312422, 42.263329878519926], [-89.10231346200786, 42.2635097367494], [-89.10228476117955, 42.26368956752731], [-89.10225824728357, 42.263855780272195], [-89.1022484232612, 42.26386877858184], [-89.10211892973565, 42.26404040179702], [-89.10197575549628, 42.26423022862437], [-89.10185901901372, 42.26426937369592], [-89.10151103778628, 42.264181979722736], [-89.10131605961229, 42.264133024455184], [-89.10129523531177, 42.2641277852337], [-89.101312379013, 42.26410573935474], [-89.10128997758804, 42.26409995723637], [-89.10135350605793, 42.26372576979025], [-89.10116512878096, 42.26370723421955]]]]}, "properties": {"pin": "11-27-211-025", "house_number": "909", "street_prefix": "S", "street_name": "MAIN", "street_suffix": "ST", "street_postdir": null, "city": "ROCKFORD", "owner_name": "WINNEBAGO COUNTY TRUSTEE", "owner_address": "127 N WYMAN STREET", "owner_city": "ROCKFORD", "owner_state": "IL", "owner_zip": "61101", "address": "907 S. Main Street", "building_name": "Nelson Knitting Building", "quadrant": "Southwest", "original_owner": "Nelson Knitting", "current_owner": "Nelson Cook Building Co Inc, C/O John R Cook III", "current_tenants": null, "original_industry": "Hosiery/textile - est. 1870", "later_industries": null, "building_sqft": "50,575", "year_built": "1926", "year_built_additions": null, "architect": "Holm-Page Co.", "contractor": "Holm-Page Co.", "historic_status": null, "historic_criteria": "A&C", "resource_status": "Contributing", "land_sqft": "67,500", "stories": "1", "style": "Industrial Sawtooth", "structural_system": "Steel, concrete and brick.", "notes": "Sawtooth roof system w/south-facing glass", "tif_district": "South Rockford", "oz": "N", "rerz": "Y", "tif": "N", "id": "907-s-main-street-2"}}, {"type": "Feature", "geometry": {"type": "MultiPolygon", "coordinates": [[[[-89.08406163492876, 42.239108022242725], [-89.08406225055063, 42.23886976309604], [-89.08673039009497, 42.23944468216598], [-89.08672755487076, 42.23980989170034], [-89.08675543584246, 42.23986489464464], [-89.08675275195492, 42.240207835183845], [-89.0867243177811, 42.24022965432209], [-89.0867236065466, 42.240321300118794], [-89.08405838425516, 42.240340172984105], [-89.08406163492876, 42.239108022242725]]]]}, "properties": {"pin": "11-35-451-012", "house_number": "2500", "street_prefix": null, "street_name": "KISHWAUKEE", "street_suffix": "ST", "street_postdir": null, "city": "ROCKFORD", "owner_name": "TJM BK REAL ESTATE LLC", "owner_address": "1230 N STATE PKWY SUITE 11A", "owner_city": "CHICAGO", "owner_state": "IL", "owner_zip": "60610", "address": "2500 Kishwaukee Street", "building_name": "Bourn & Koch", "quadrant": null, "original_owner": "Rockford Machine Tool Co.", "current_owner": "Bourn & Koch", "current_tenants": "Bourn & Koch", "original_industry": "Machine Tool", "later_industries": null, "building_sqft": "146,896", "year_built": "pre 1928 ????", "year_built_additions": null, "architect": null, "contractor": null, "historic_status": null, "historic_criteria": "A&C", "resource_status": "Contributing", "land_sqft": "310,060", "stories": "2", "style": "Industrial Daylighting", "structural_system": "Reinforced Conc. Large upper story monitor", "notes": null, "tif_district": null, "oz": "N", "rerz": "N", "tif": "Y", "id": "2500-kishwaukee-street"}}, {"type": "Feature", "geometry": {"type": "MultiPolygon", "coordinates": [[[[-89.10025073977872, 42.26347958535762], [-89.10116512878096, 42.26370723421955], [-89.10135350605793, 42.26372576979025], [-89.10128997758804, 42.26409995723637], [-89.101312379013, 42.26410573935474], [-89.10129523531177, 42.2641277852337], [-89.10129501651181, 42.264127752329614], [-89.10016521458907, 42.26385293648232], [-89.10012360431223, 42.26384280956564], [-89.10021095409806, 42.263724657081795], [-89.10025073977872, 42.26347958535762]]]]}, "properties": {"pin": "11-27-211-026", "house_number": "905", "street_prefix": "S", "street_name": "MAIN", "street_suffix": "ST", "street_postdir": null, "city": "ROCKFORD", "owner_name": "CCS", "owner_address": "917 S MAIN STREET", "owner_city": "ROCKFORD", "owner_state": "IL", "owner_zip": "61101", "address": "905 S. Main Street", "building_name": "International Harvester/ Mott Brothers Building", "quadrant": "Southwest", "original_owner": "International Harvester", "current_owner": "CCS-Youth Build", "current_tenants": "CCS", "original_industry": "Farm implements", "later_industries": "Plumbing supply", "building_sqft": "78,518", "year_built": "1913", "year_built_additions": "1920", "architect": "Frank E. Carpenter", "contractor": "Gust Holm", "historic_status": "Undetermined", "historic_criteria": "A&C", "resource_status": "Contributing", "land_sqft": "75,563", "stories": "3", "style": "Mill", "structural_system": "Heavy Timber Wood Frame Mas. Ext", "notes": null, "tif_district": "South Rockford", "oz": "N", "rerz": "Y", "tif": "N", "id": "905-s-main-street"}}, {"type": "Feature", "geometry": {"type": "MultiPolygon", "coordinates": [[[[-89.07073738763391, 42.2549383711055], [-89.07125384072701, 42.254933124568694], [-89.0712539039743, 42.25507033166293], [-89.07073752410118, 42.255075551455995], [-89.07073738763391, 42.2549383711055]]]]}, "properties": {"pin": "11-25-378-002", "house_number": "1220", "street_prefix": null, "street_name": "11TH", "street_suffix": "ST", "street_postdir": null, "city": "ROCKFORD", "owner_name": "PINE CREEK LLC", "owner_address": "C/O TIM THEDEN", "owner_city": "ROCKFORD", "owner_state": "IL", "owner_zip": "61107", "address": "1220 11th Street", "building_name": "Hanson Clock Co.", "quadrant": "Southeast", "original_owner": "Hanson Clock Co.", "current_owner": "Pine Creek LLC C/O Tim Theden", "current_tenants": null, "original_industry": "Grandfather clock manufacturing", "later_industries": null, "building_sqft": "31,842", "year_built": "1913", "year_built_additions": "1922", "architect": null, "contractor": null, "historic_status": null, "historic_criteria": "A&C", "resource_status": "Contributing", "land_sqft": "21,000", "stories": "2 w/ basement", "style": "Mill", "structural_system": "wood framed masonry bearing", "notes": null, "tif_district": "Broadway", "oz": "N", "rerz": "N", "tif": "Y", "id": "1220-11th-street-2"}}, {"type": "Feature", "geometry": {"type": "MultiPolygon", "coordinates": [[[[-89.08736590669596, 42.24768562622894], [-89.08736557788741, 42.247661178040296], [-89.08707014329867, 42.24766335735218], [-89.08699599357912, 42.247641953104534], [-89.08694072037548, 42.247583416586686], [-89.08694398616744, 42.24714044794265], [-89.0893005159463, 42.24712502011839], [-89.08929915963564, 42.24767107307585], [-89.08736590669596, 42.24768562622894]]]]}, "properties": {"pin": "11-35-178-013", "house_number": "1907", "street_prefix": null, "street_name": "KISHWAUKEE ST", "street_suffix": null, "street_postdir": null, "city": "ROCKFORD", "owner_name": "AZZ GALVANIZING ROCKFORD LLC", "owner_address": "2424 RIDGE RD", "owner_city": "ROCKWALL", "owner_state": "TX", "owner_zip": "75087", "address": "1907 Kishwaukee Street", "building_name": "Anderson\u00a0Brothers Building", "quadrant": "Southeast", "original_owner": "Anderson Brothers", "current_owner": "AZZ Galvanizing Rockford LLC", "current_tenants": "AZZ Galvanizing", "original_industry": "Packaging , Machine Tool", "later_industries": null, "building_sqft": "67,198", "year_built": "1916", "year_built_additions": "1920's, and 1940's ?", "architect": null, "contractor": null, "historic_status": null, "historic_criteria": "A&C", "resource_status": "Contributing", "land_sqft": null, "stories": "2", "style": "Industrial Sawtooth", "structural_system": "Heavy timber/wood frame, 1940's additions steel frame", "notes": null, "tif_district": null, "oz": "Y", "rerz": "N", "tif": "N", "id": "1907-kishwaukee-street"}}, {"type": "Feature", "geometry": {"type": "MultiPolygon", "coordinates": [[[[-89.06314692021714, 42.23826719444336], [-89.06314700743557, 42.23825344715713], [-89.06444007332594, 42.238241580592224], [-89.06456914272313, 42.238226913540174], [-89.06464262369653, 42.23819893654134], [-89.06482623610401, 42.23812075370073], [-89.06656268556257, 42.238108035094186], [-89.06655968386492, 42.23859147008802], [-89.06655722887541, 42.23898363858238], [-89.06655466169963, 42.23939501493085], [-89.06677807924531, 42.239393178788404], [-89.06708803405637, 42.23939066265121], [-89.06707706246387, 42.24102847751672], [-89.06693131647532, 42.24074887954914], [-89.06405090985328, 42.240772401308554], [-89.06404437687455, 42.24181565881486], [-89.06386121102769, 42.24181716319584], [-89.06386411049026, 42.24135592936656], [-89.06354377001249, 42.2411082089237], [-89.063134540505, 42.24023536887165], [-89.06314692021714, 42.23826719444336]]]]}, "properties": {"pin": "11-36-451-010", "house_number": "2020", "street_prefix": null, "street_name": "HARRISON", "street_suffix": "AVE", "street_postdir": null, "city": "ROCKFORD", "owner_name": "HARRISON INDUSTRIAL LLC", "owner_address": "6801 SPRING CREEK RD STE 3", "owner_city": "ROCKFORD", "owner_state": "IL", "owner_zip": "61114", "address": "2020 Harrison\u00a0Avenue", "building_name": "Borg Warner", "quadrant": "Southeast", "original_owner": "Mechanics Universal", "current_owner": "HARRISON INDUSTRIAL LLC", "current_tenants": null, "original_industry": "National Equip Sales", "later_industries": null, "building_sqft": "357,753", "year_built": "1937", "year_built_additions": null, "architect": null, "contractor": null, "historic_status": null, "historic_criteria": "A&C", "resource_status": "Contributing", "land_sqft": "1,002,751", "stories": "1", "style": "Industrial Clearstory", "structural_system": "Steel, sawtooth, roof monitors", "notes": null, "tif_district": "Kishwaukee/Harrison #2", "oz": "N", "rerz": "N", "tif": "Y", "id": "2020-harrison-avenue"}}, {"type": "Feature", "geometry": {"type": "MultiPolygon", "coordinates": [[[[-89.07810401322557, 42.246216166677904], [-89.07829169612963, 42.24621473732001], [-89.07829181807327, 42.24619690160302], [-89.07829399014878, 42.245763321507255], [-89.07848133889719, 42.245761916106254], [-89.07866872504223, 42.2457604833125], [-89.07885607378672, 42.245759077299134], [-89.07885475488963, 42.24619266550629], [-89.07885457495958, 42.24623108168328], [-89.07885451335498, 42.24626261120473], [-89.07866679290358, 42.24626406856878], [-89.0784790738647, 42.24626544331482], [-89.07829139033647, 42.24626690041454], [-89.07810370822125, 42.24626827489638], [-89.07810391790915, 42.246236746781726], [-89.07810401322557, 42.246216166677904]]]]}, "properties": {"pin": "11-35-280-007", "house_number": "1202", "street_prefix": null, "street_name": "20TH", "street_suffix": "AVE", "street_postdir": null, "city": "ROCKFORD", "owner_name": "MENDOZA", "owner_address": "1528 WELDON STREET", "owner_city": "ROCKFORD", "owner_state": "IL", "owner_zip": "61102", "address": "1202 20th Avenue", "building_name": null, "quadrant": "Southeast", "original_owner": "National Lock", "current_owner": "Martin Serrano", "current_tenants": null, "original_industry": null, "later_industries": null, "building_sqft": "24,664", "year_built": "1924", "year_built_additions": null, "architect": null, "contractor": null, "historic_status": "Undetermined", "historic_criteria": "A&C", "resource_status": "Contributing", "land_sqft": "28,921", "stories": "1", "style": "Industrial", "structural_system": "Steel frame, Mas Ext.", "notes": null, "tif_district": null, "oz": "N", "rerz": "N", "tif": "N", "id": "1202-20th-avenue"}}]}